check_id,category,severity,section,key_or_filename,target_url,conflicting_path,root_cause_script,recommended_action
CHK_FS_01,Parallel Country Directory Overlap,CRITICAL,filesystem,andorra,pages/andorra/,pages/ad/,scripts/generate_world_local.py,Consolidate pages/andorra/ into pages/ad/
CHK_FS_01,Parallel Country Directory Overlap,CRITICAL,filesystem,united-arab-emirates,pages/united-arab-emirates/,pages/ae/,scripts/generate_world_local.py,Consolidate pages/united-arab-emirates/ into pages/ae/
CHK_FS_01,Parallel Country Directory Overlap,CRITICAL,filesystem,anguilla,pages/anguilla/,pages/ai/,scripts/generate_world_local.py,Consolidate pages/anguilla/ into pages/ai/
CHK_FS_01,Parallel Country Directory Overlap,CRITICAL,filesystem,albania,pages/albania/,pages/al/,scripts/generate_world_local.py,Consolidate pages/albania/ into pages/al/
CHK_FS_01,Parallel Country Directory Overlap,CRITICAL,filesystem,argentina,pages/argentina/,pages/ar/,scripts/generate_world_local.py,Consolidate pages/argentina/ into pages/ar/
CHK_FS_01,Parallel Country Directory Overlap,CRITICAL,filesystem,american-samoa,pages/american-samoa/,pages/as/,scripts/generate_world_local.py,Consolidate pages/american-samoa/ into pages/as/
CHK_FS_01,Parallel Country Directory Overlap,CRITICAL,filesystem,austria,pages/austria/,pages/at/,scripts/generate_world_local.py,Consolidate pages/austria/ into pages/at/
CHK_FS_01,Parallel Country Directory Overlap,CRITICAL,filesystem,australia,pages/australia/,pages/au/,scripts/generate_world_local.py,Consolidate pages/australia/ into pages/au/
CHK_FS_01,Parallel Country Directory Overlap,CRITICAL,filesystem,aland-islands,pages/aland-islands/,pages/ax/,scripts/generate_world_local.py,Consolidate pages/aland-islands/ into pages/ax/
CHK_FS_01,Parallel Country Directory Overlap,CRITICAL,filesystem,azerbaijan,pages/azerbaijan/,pages/az/,scripts/generate_world_local.py,Consolidate pages/azerbaijan/ into pages/az/
CHK_FS_01,Parallel Country Directory Overlap,CRITICAL,filesystem,bangladesh,pages/bangladesh/,pages/bd/,scripts/generate_world_local.py,Consolidate pages/bangladesh/ into pages/bd/
CHK_FS_01,Parallel Country Directory Overlap,CRITICAL,filesystem,belgium,pages/belgium/,pages/be/,scripts/generate_world_local.py,Consolidate pages/belgium/ into pages/be/
CHK_FS_01,Parallel Country Directory Overlap,CRITICAL,filesystem,bulgaria,pages/bulgaria/,pages/bg/,scripts/generate_world_local.py,Consolidate pages/bulgaria/ into pages/bg/
CHK_FS_01,Parallel Country Directory Overlap,CRITICAL,filesystem,bermuda,pages/bermuda/,pages/bm/,scripts/generate_world_local.py,Consolidate pages/bermuda/ into pages/bm/
CHK_FS_01,Parallel Country Directory Overlap,CRITICAL,filesystem,brazil,pages/brazil/,pages/br/,scripts/generate_world_local.py,Consolidate pages/brazil/ into pages/br/
CHK_FS_01,Parallel Country Directory Overlap,CRITICAL,filesystem,belarus,pages/belarus/,pages/by/,scripts/generate_world_local.py,Consolidate pages/belarus/ into pages/by/
CHK_FS_01,Parallel Country Directory Overlap,CRITICAL,filesystem,canada,pages/canada/,pages/ca/,scripts/generate_world_local.py,Consolidate pages/canada/ into pages/ca/
CHK_FS_01,Parallel Country Directory Overlap,CRITICAL,filesystem,cocos-islands,pages/cocos-islands/,pages/cc/,scripts/generate_world_local.py,Consolidate pages/cocos-islands/ into pages/cc/
CHK_FS_01,Parallel Country Directory Overlap,CRITICAL,filesystem,switzerland,pages/switzerland/,pages/ch/,scripts/generate_world_local.py,Consolidate pages/switzerland/ into pages/ch/
CHK_FS_01,Parallel Country Directory Overlap,CRITICAL,filesystem,chile,pages/chile/,pages/cl/,scripts/generate_world_local.py,Consolidate pages/chile/ into pages/cl/
CHK_FS_01,Parallel Country Directory Overlap,CRITICAL,filesystem,china,pages/china/,pages/cn/,scripts/generate_world_local.py,Consolidate pages/china/ into pages/cn/
CHK_FS_01,Parallel Country Directory Overlap,CRITICAL,filesystem,colombia,pages/colombia/,pages/co/,scripts/generate_world_local.py,Consolidate pages/colombia/ into pages/co/
CHK_FS_01,Parallel Country Directory Overlap,CRITICAL,filesystem,costa-rica,pages/costa-rica/,pages/cr/,scripts/generate_world_local.py,Consolidate pages/costa-rica/ into pages/cr/
CHK_FS_01,Parallel Country Directory Overlap,CRITICAL,filesystem,christmas-island,pages/christmas-island/,pages/cx/,scripts/generate_world_local.py,Consolidate pages/christmas-island/ into pages/cx/
CHK_FS_01,Parallel Country Directory Overlap,CRITICAL,filesystem,cyprus,pages/cyprus/,pages/cy/,scripts/generate_world_local.py,Consolidate pages/cyprus/ into pages/cy/
CHK_FS_01,Parallel Country Directory Overlap,CRITICAL,filesystem,czech-republic,pages/czech-republic/,pages/cz/,scripts/generate_world_local.py,Consolidate pages/czech-republic/ into pages/cz/
CHK_FS_01,Parallel Country Directory Overlap,CRITICAL,filesystem,germany,pages/germany/,pages/de/,scripts/generate_world_local.py,Consolidate pages/germany/ into pages/de/
CHK_FS_01,Parallel Country Directory Overlap,CRITICAL,filesystem,denmark,pages/denmark/,pages/dk/,scripts/generate_world_local.py,Consolidate pages/denmark/ into pages/dk/
CHK_FS_01,Parallel Country Directory Overlap,CRITICAL,filesystem,dominican-republic,pages/dominican-republic/,pages/do/,scripts/generate_world_local.py,Consolidate pages/dominican-republic/ into pages/do/
CHK_FS_01,Parallel Country Directory Overlap,CRITICAL,filesystem,algeria,pages/algeria/,pages/dz/,scripts/generate_world_local.py,Consolidate pages/algeria/ into pages/dz/
CHK_FS_01,Parallel Country Directory Overlap,CRITICAL,filesystem,ecuador,pages/ecuador/,pages/ec/,scripts/generate_world_local.py,Consolidate pages/ecuador/ into pages/ec/
CHK_FS_01,Parallel Country Directory Overlap,CRITICAL,filesystem,estonia,pages/estonia/,pages/ee/,scripts/generate_world_local.py,Consolidate pages/estonia/ into pages/ee/
CHK_FS_01,Parallel Country Directory Overlap,CRITICAL,filesystem,spain,pages/spain/,pages/es/,scripts/generate_world_local.py,Consolidate pages/spain/ into pages/es/
CHK_FS_01,Parallel Country Directory Overlap,CRITICAL,filesystem,finland,pages/finland/,pages/fi/,scripts/generate_world_local.py,Consolidate pages/finland/ into pages/fi/
CHK_FS_01,Parallel Country Directory Overlap,CRITICAL,filesystem,falkland-islands,pages/falkland-islands/,pages/fk/,scripts/generate_world_local.py,Consolidate pages/falkland-islands/ into pages/fk/
CHK_FS_01,Parallel Country Directory Overlap,CRITICAL,filesystem,micronesia,pages/micronesia/,pages/fm/,scripts/generate_world_local.py,Consolidate pages/micronesia/ into pages/fm/
CHK_FS_01,Parallel Country Directory Overlap,CRITICAL,filesystem,faroe-islands,pages/faroe-islands/,pages/fo/,scripts/generate_world_local.py,Consolidate pages/faroe-islands/ into pages/fo/
CHK_FS_01,Parallel Country Directory Overlap,CRITICAL,filesystem,france,pages/france/,pages/fr/,scripts/generate_world_local.py,Consolidate pages/france/ into pages/fr/
CHK_FS_01,Parallel Country Directory Overlap,CRITICAL,filesystem,united-kingdom,pages/united-kingdom/,pages/gb/,scripts/generate_world_local.py,Consolidate pages/united-kingdom/ into pages/gb/
CHK_FS_01,Parallel Country Directory Overlap,CRITICAL,filesystem,french-guiana,pages/french-guiana/,pages/gf/,scripts/generate_world_local.py,Consolidate pages/french-guiana/ into pages/gf/
CHK_FS_01,Parallel Country Directory Overlap,CRITICAL,filesystem,guernsey,pages/guernsey/,pages/gg/,scripts/generate_world_local.py,Consolidate pages/guernsey/ into pages/gg/
CHK_FS_01,Parallel Country Directory Overlap,CRITICAL,filesystem,gibraltar,pages/gibraltar/,pages/gi/,scripts/generate_world_local.py,Consolidate pages/gibraltar/ into pages/gi/
CHK_FS_01,Parallel Country Directory Overlap,CRITICAL,filesystem,greenland,pages/greenland/,pages/gl/,scripts/generate_world_local.py,Consolidate pages/greenland/ into pages/gl/
CHK_FS_01,Parallel Country Directory Overlap,CRITICAL,filesystem,guadeloupe,pages/guadeloupe/,pages/gp/,scripts/generate_world_local.py,Consolidate pages/guadeloupe/ into pages/gp/
CHK_FS_01,Parallel Country Directory Overlap,CRITICAL,filesystem,south-georgia,pages/south-georgia/,pages/gs/,scripts/generate_world_local.py,Consolidate pages/south-georgia/ into pages/gs/
CHK_FS_01,Parallel Country Directory Overlap,CRITICAL,filesystem,guatemala,pages/guatemala/,pages/gt/,scripts/generate_world_local.py,Consolidate pages/guatemala/ into pages/gt/
CHK_FS_01,Parallel Country Directory Overlap,CRITICAL,filesystem,guam,pages/guam/,pages/gu/,scripts/generate_world_local.py,Consolidate pages/guam/ into pages/gu/
CHK_FS_01,Parallel Country Directory Overlap,CRITICAL,filesystem,hong-kong,pages/hong-kong/,pages/hk/,scripts/generate_world_local.py,Consolidate pages/hong-kong/ into pages/hk/
CHK_FS_01,Parallel Country Directory Overlap,CRITICAL,filesystem,heard-island,pages/heard-island/,pages/hm/,scripts/generate_world_local.py,Consolidate pages/heard-island/ into pages/hm/
CHK_FS_01,Parallel Country Directory Overlap,CRITICAL,filesystem,honduras,pages/honduras/,pages/hn/,scripts/generate_world_local.py,Consolidate pages/honduras/ into pages/hn/
CHK_FS_01,Parallel Country Directory Overlap,CRITICAL,filesystem,croatia,pages/croatia/,pages/hr/,scripts/generate_world_local.py,Consolidate pages/croatia/ into pages/hr/
CHK_FS_01,Parallel Country Directory Overlap,CRITICAL,filesystem,haiti,pages/haiti/,pages/ht/,scripts/generate_world_local.py,Consolidate pages/haiti/ into pages/ht/
CHK_FS_01,Parallel Country Directory Overlap,CRITICAL,filesystem,hungary,pages/hungary/,pages/hu/,scripts/generate_world_local.py,Consolidate pages/hungary/ into pages/hu/
CHK_FS_01,Parallel Country Directory Overlap,CRITICAL,filesystem,indonesia,pages/indonesia/,pages/id/,scripts/generate_world_local.py,Consolidate pages/indonesia/ into pages/id/
CHK_FS_01,Parallel Country Directory Overlap,CRITICAL,filesystem,ireland,pages/ireland/,pages/ie/,scripts/generate_world_local.py,Consolidate pages/ireland/ into pages/ie/
CHK_FS_01,Parallel Country Directory Overlap,CRITICAL,filesystem,isle-of-man,pages/isle-of-man/,pages/im/,scripts/generate_world_local.py,Consolidate pages/isle-of-man/ into pages/im/
CHK_FS_01,Parallel Country Directory Overlap,CRITICAL,filesystem,british-indian-ocean,pages/british-indian-ocean/,pages/io/,scripts/generate_world_local.py,Consolidate pages/british-indian-ocean/ into pages/io/
CHK_FS_01,Parallel Country Directory Overlap,CRITICAL,filesystem,iceland,pages/iceland/,pages/is/,scripts/generate_world_local.py,Consolidate pages/iceland/ into pages/is/
CHK_FS_01,Parallel Country Directory Overlap,CRITICAL,filesystem,italy,pages/italy/,pages/it/,scripts/generate_world_local.py,Consolidate pages/italy/ into pages/it/
CHK_FS_01,Parallel Country Directory Overlap,CRITICAL,filesystem,jersey,pages/jersey/,pages/je/,scripts/generate_world_local.py,Consolidate pages/jersey/ into pages/je/
CHK_FS_01,Parallel Country Directory Overlap,CRITICAL,filesystem,japan,pages/japan/,pages/jp/,scripts/generate_world_local.py,Consolidate pages/japan/ into pages/jp/
CHK_FS_01,Parallel Country Directory Overlap,CRITICAL,filesystem,kenya,pages/kenya/,pages/ke/,scripts/generate_world_local.py,Consolidate pages/kenya/ into pages/ke/
CHK_FS_01,Parallel Country Directory Overlap,CRITICAL,filesystem,south-korea,pages/south-korea/,pages/kr/,scripts/generate_world_local.py,Consolidate pages/south-korea/ into pages/kr/
CHK_FS_01,Parallel Country Directory Overlap,CRITICAL,filesystem,liechtenstein,pages/liechtenstein/,pages/li/,scripts/generate_world_local.py,Consolidate pages/liechtenstein/ into pages/li/
CHK_FS_01,Parallel Country Directory Overlap,CRITICAL,filesystem,sri-lanka,pages/sri-lanka/,pages/lk/,scripts/generate_world_local.py,Consolidate pages/sri-lanka/ into pages/lk/
CHK_FS_01,Parallel Country Directory Overlap,CRITICAL,filesystem,lithuania,pages/lithuania/,pages/lt/,scripts/generate_world_local.py,Consolidate pages/lithuania/ into pages/lt/
CHK_FS_01,Parallel Country Directory Overlap,CRITICAL,filesystem,luxembourg,pages/luxembourg/,pages/lu/,scripts/generate_world_local.py,Consolidate pages/luxembourg/ into pages/lu/
CHK_FS_01,Parallel Country Directory Overlap,CRITICAL,filesystem,latvia,pages/latvia/,pages/lv/,scripts/generate_world_local.py,Consolidate pages/latvia/ into pages/lv/
CHK_FS_01,Parallel Country Directory Overlap,CRITICAL,filesystem,morocco,pages/morocco/,pages/ma/,scripts/generate_world_local.py,Consolidate pages/morocco/ into pages/ma/
CHK_FS_01,Parallel Country Directory Overlap,CRITICAL,filesystem,monaco,pages/monaco/,pages/mc/,scripts/generate_world_local.py,Consolidate pages/monaco/ into pages/mc/
CHK_FS_01,Parallel Country Directory Overlap,CRITICAL,filesystem,moldova,pages/moldova/,pages/md/,scripts/generate_world_local.py,Consolidate pages/moldova/ into pages/md/
CHK_FS_01,Parallel Country Directory Overlap,CRITICAL,filesystem,marshall-islands,pages/marshall-islands/,pages/mh/,scripts/generate_world_local.py,Consolidate pages/marshall-islands/ into pages/mh/
CHK_FS_01,Parallel Country Directory Overlap,CRITICAL,filesystem,north-macedonia,pages/north-macedonia/,pages/mk/,scripts/generate_world_local.py,Consolidate pages/north-macedonia/ into pages/mk/
CHK_FS_01,Parallel Country Directory Overlap,CRITICAL,filesystem,macao,pages/macao/,pages/mo/,scripts/generate_world_local.py,Consolidate pages/macao/ into pages/mo/
CHK_FS_01,Parallel Country Directory Overlap,CRITICAL,filesystem,northern-mariana-islands,pages/northern-mariana-islands/,pages/mp/,scripts/generate_world_local.py,Consolidate pages/northern-mariana-islands/ into pages/mp/
CHK_FS_01,Parallel Country Directory Overlap,CRITICAL,filesystem,martinique,pages/martinique/,pages/mq/,scripts/generate_world_local.py,Consolidate pages/martinique/ into pages/mq/
CHK_FS_01,Parallel Country Directory Overlap,CRITICAL,filesystem,malta,pages/malta/,pages/mt/,scripts/generate_world_local.py,Consolidate pages/malta/ into pages/mt/
CHK_FS_01,Parallel Country Directory Overlap,CRITICAL,filesystem,malawi,pages/malawi/,pages/mw/,scripts/generate_world_local.py,Consolidate pages/malawi/ into pages/mw/
CHK_FS_01,Parallel Country Directory Overlap,CRITICAL,filesystem,mexico,pages/mexico/,pages/mx/,scripts/generate_world_local.py,Consolidate pages/mexico/ into pages/mx/
CHK_FS_01,Parallel Country Directory Overlap,CRITICAL,filesystem,malaysia,pages/malaysia/,pages/my/,scripts/generate_world_local.py,Consolidate pages/malaysia/ into pages/my/
CHK_FS_01,Parallel Country Directory Overlap,CRITICAL,filesystem,new-caledonia,pages/new-caledonia/,pages/nc/,scripts/generate_world_local.py,Consolidate pages/new-caledonia/ into pages/nc/
CHK_FS_01,Parallel Country Directory Overlap,CRITICAL,filesystem,norfolk-island,pages/norfolk-island/,pages/nf/,scripts/generate_world_local.py,Consolidate pages/norfolk-island/ into pages/nf/
CHK_FS_01,Parallel Country Directory Overlap,CRITICAL,filesystem,netherlands,pages/netherlands/,pages/nl/,scripts/generate_world_local.py,Consolidate pages/netherlands/ into pages/nl/
CHK_FS_01,Parallel Country Directory Overlap,CRITICAL,filesystem,norway,pages/norway/,pages/no/,scripts/generate_world_local.py,Consolidate pages/norway/ into pages/no/
CHK_FS_01,Parallel Country Directory Overlap,CRITICAL,filesystem,nauru,pages/nauru/,pages/nr/,scripts/generate_world_local.py,Consolidate pages/nauru/ into pages/nr/
CHK_FS_01,Parallel Country Directory Overlap,CRITICAL,filesystem,niue,pages/niue/,pages/nu/,scripts/generate_world_local.py,Consolidate pages/niue/ into pages/nu/
CHK_FS_01,Parallel Country Directory Overlap,CRITICAL,filesystem,new-zealand,pages/new-zealand/,pages/nz/,scripts/generate_world_local.py,Consolidate pages/new-zealand/ into pages/nz/
CHK_FS_01,Parallel Country Directory Overlap,CRITICAL,filesystem,panama,pages/panama/,pages/pa/,scripts/generate_world_local.py,Consolidate pages/panama/ into pages/pa/
CHK_FS_01,Parallel Country Directory Overlap,CRITICAL,filesystem,peru,pages/peru/,pages/pe/,scripts/generate_world_local.py,Consolidate pages/peru/ into pages/pe/
CHK_FS_01,Parallel Country Directory Overlap,CRITICAL,filesystem,french-polynesia,pages/french-polynesia/,pages/pf/,scripts/generate_world_local.py,Consolidate pages/french-polynesia/ into pages/pf/
CHK_FS_01,Parallel Country Directory Overlap,CRITICAL,filesystem,philippines,pages/philippines/,pages/ph/,scripts/generate_world_local.py,Consolidate pages/philippines/ into pages/ph/
CHK_FS_01,Parallel Country Directory Overlap,CRITICAL,filesystem,pakistan,pages/pakistan/,pages/pk/,scripts/generate_world_local.py,Consolidate pages/pakistan/ into pages/pk/
CHK_FS_01,Parallel Country Directory Overlap,CRITICAL,filesystem,poland,pages/poland/,pages/pl/,scripts/generate_world_local.py,Consolidate pages/poland/ into pages/pl/
CHK_FS_01,Parallel Country Directory Overlap,CRITICAL,filesystem,saint-pierre,pages/saint-pierre/,pages/pm/,scripts/generate_world_local.py,Consolidate pages/saint-pierre/ into pages/pm/
CHK_FS_01,Parallel Country Directory Overlap,CRITICAL,filesystem,pitcairn,pages/pitcairn/,pages/pn/,scripts/generate_world_local.py,Consolidate pages/pitcairn/ into pages/pn/
CHK_FS_01,Parallel Country Directory Overlap,CRITICAL,filesystem,puerto-rico,pages/puerto-rico/,pages/pr/,scripts/generate_world_local.py,Consolidate pages/puerto-rico/ into pages/pr/
CHK_FS_01,Parallel Country Directory Overlap,CRITICAL,filesystem,portugal,pages/portugal/,pages/pt/,scripts/generate_world_local.py,Consolidate pages/portugal/ into pages/pt/
CHK_FS_01,Parallel Country Directory Overlap,CRITICAL,filesystem,palau,pages/palau/,pages/pw/,scripts/generate_world_local.py,Consolidate pages/palau/ into pages/pw/
CHK_FS_01,Parallel Country Directory Overlap,CRITICAL,filesystem,reunion,pages/reunion/,pages/re/,scripts/generate_world_local.py,Consolidate pages/reunion/ into pages/re/
CHK_FS_01,Parallel Country Directory Overlap,CRITICAL,filesystem,romania,pages/romania/,pages/ro/,scripts/generate_world_local.py,Consolidate pages/romania/ into pages/ro/
CHK_FS_01,Parallel Country Directory Overlap,CRITICAL,filesystem,serbia,pages/serbia/,pages/rs/,scripts/generate_world_local.py,Consolidate pages/serbia/ into pages/rs/
CHK_FS_01,Parallel Country Directory Overlap,CRITICAL,filesystem,russia,pages/russia/,pages/ru/,scripts/generate_world_local.py,Consolidate pages/russia/ into pages/ru/
CHK_FS_01,Parallel Country Directory Overlap,CRITICAL,filesystem,sweden,pages/sweden/,pages/se/,scripts/generate_world_local.py,Consolidate pages/sweden/ into pages/se/
CHK_FS_01,Parallel Country Directory Overlap,CRITICAL,filesystem,singapore,pages/singapore/,pages/sg/,scripts/generate_world_local.py,Consolidate pages/singapore/ into pages/sg/
CHK_FS_01,Parallel Country Directory Overlap,CRITICAL,filesystem,slovenia,pages/slovenia/,pages/si/,scripts/generate_world_local.py,Consolidate pages/slovenia/ into pages/si/
CHK_FS_01,Parallel Country Directory Overlap,CRITICAL,filesystem,svalbard,pages/svalbard/,pages/sj/,scripts/generate_world_local.py,Consolidate pages/svalbard/ into pages/sj/
CHK_FS_01,Parallel Country Directory Overlap,CRITICAL,filesystem,slovakia,pages/slovakia/,pages/sk/,scripts/generate_world_local.py,Consolidate pages/slovakia/ into pages/sk/
CHK_FS_01,Parallel Country Directory Overlap,CRITICAL,filesystem,san-marino,pages/san-marino/,pages/sm/,scripts/generate_world_local.py,Consolidate pages/san-marino/ into pages/sm/
CHK_FS_01,Parallel Country Directory Overlap,CRITICAL,filesystem,turks-and-caicos,pages/turks-and-caicos/,pages/tc/,scripts/generate_world_local.py,Consolidate pages/turks-and-caicos/ into pages/tc/
CHK_FS_01,Parallel Country Directory Overlap,CRITICAL,filesystem,thailand,pages/thailand/,pages/th/,scripts/generate_world_local.py,Consolidate pages/thailand/ into pages/th/
CHK_FS_01,Parallel Country Directory Overlap,CRITICAL,filesystem,turkey,pages/turkey/,pages/tr/,scripts/generate_world_local.py,Consolidate pages/turkey/ into pages/tr/
CHK_FS_01,Parallel Country Directory Overlap,CRITICAL,filesystem,ukraine,pages/ukraine/,pages/ua/,scripts/generate_world_local.py,Consolidate pages/ukraine/ into pages/ua/
CHK_FS_01,Parallel Country Directory Overlap,CRITICAL,filesystem,uruguay,pages/uruguay/,pages/uy/,scripts/generate_world_local.py,Consolidate pages/uruguay/ into pages/uy/
CHK_FS_01,Parallel Country Directory Overlap,CRITICAL,filesystem,vatican-city,pages/vatican-city/,pages/va/,scripts/generate_world_local.py,Consolidate pages/vatican-city/ into pages/va/
CHK_FS_01,Parallel Country Directory Overlap,CRITICAL,filesystem,us-virgin-islands,pages/us-virgin-islands/,pages/vi/,scripts/generate_world_local.py,Consolidate pages/us-virgin-islands/ into pages/vi/
CHK_FS_01,Parallel Country Directory Overlap,CRITICAL,filesystem,wallis-and-futuna,pages/wallis-and-futuna/,pages/wf/,scripts/generate_world_local.py,Consolidate pages/wallis-and-futuna/ into pages/wf/
CHK_FS_01,Parallel Country Directory Overlap,CRITICAL,filesystem,samoa,pages/samoa/,pages/ws/,scripts/generate_world_local.py,Consolidate pages/samoa/ into pages/ws/
CHK_FS_01,Parallel Country Directory Overlap,CRITICAL,filesystem,mayotte,pages/mayotte/,pages/yt/,scripts/generate_world_local.py,Consolidate pages/mayotte/ into pages/yt/
CHK_FS_01,Parallel Country Directory Overlap,CRITICAL,filesystem,south-africa,pages/south-africa/,pages/za/,scripts/generate_world_local.py,Consolidate pages/south-africa/ into pages/za/
CHK_IDX_01,Target URL Collision (Cities),HIGH,cities,jagannadhapuram|jagannadhapuram.,pages/india/andhra-pradesh/jagannadhapuram.html,N/A,scripts/build_search_index.py:69,Update search_index.json to support key to array of URLs
CHK_IDX_01,Target URL Collision (Cities),HIGH,cities,balijan te|balijan t.e.,pages/india/assam/balijan-te.html,N/A,scripts/build_search_index.py:69,Update search_index.json to support key to array of URLs
CHK_IDX_01,Target URL Collision (Cities),HIGH,cities,katangi|katangi.,pages/india/madhya-pradesh/katangi.html,N/A,scripts/build_search_index.py:69,Update search_index.json to support key to array of URLs
CHK_IDX_01,Target URL Collision (Cities),HIGH,cities,paraswada|paraswada.,pages/india/madhya-pradesh/paraswada.html,N/A,scripts/build_search_index.py:69,Update search_index.json to support key to array of URLs
CHK_IDX_01,Target URL Collision (Cities),HIGH,cities,chikhali bk.|chikhali bk,pages/india/maharashtra/chikhali-bk.html,N/A,scripts/build_search_index.py:69,Update search_index.json to support key to array of URLs
CHK_IDX_01,Target URL Collision (Cities),HIGH,cities,jawala bk|jawala (bk),pages/india/maharashtra/jawala-bk.html,N/A,scripts/build_search_index.py:69,Update search_index.json to support key to array of URLs
CHK_IDX_01,Target URL Collision (Cities),HIGH,cities,kavathe.|kavathe,pages/india/maharashtra/kavathe.html,N/A,scripts/build_search_index.py:69,Update search_index.json to support key to array of URLs
CHK_IDX_01,Target URL Collision (Cities),HIGH,cities,borgaon (bazar)|borgaon bazar,pages/india/maharashtra/borgaon-bazar.html,N/A,scripts/build_search_index.py:69,Update search_index.json to support key to array of URLs
CHK_IDX_01,Target URL Collision (Cities),HIGH,cities,abanpalli m|abanpalli (m),pages/india/maharashtra/abanpalli-m.html,N/A,scripts/build_search_index.py:69,Update search_index.json to support key to array of URLs
CHK_IDX_01,Target URL Collision (Cities),HIGH,cities,m.i.d.c.|midc,pages/india/maharashtra/midc.html,N/A,scripts/build_search_index.py:69,Update search_index.json to support key to array of URLs
CHK_IDX_01,Target URL Collision (Cities),HIGH,cities,jinti|jinti.,pages/india/maharashtra/jinti.html,N/A,scripts/build_search_index.py:69,Update search_index.json to support key to array of URLs
CHK_IDX_01,Target URL Collision (Cities),HIGH,cities,chinchpur bk|chinchpur bk.,pages/india/maharashtra/chinchpur-bk.html,N/A,scripts/build_search_index.py:69,Update search_index.json to support key to array of URLs
CHK_IDX_01,Target URL Collision (Cities),HIGH,cities,a.pudupatti|apudupatti,pages/india/tamil-nadu/apudupatti.html,N/A,scripts/build_search_index.py:69,Update search_index.json to support key to array of URLs
CHK_IDX_01,Target URL Collision (Cities),HIGH,cities,mpudupatti|m.pudupatti,pages/india/tamil-nadu/mpudupatti.html,N/A,scripts/build_search_index.py:69,Update search_index.json to support key to array of URLs
CHK_IDX_01,Target URL Collision (Cities),HIGH,cities,modaiyur|m.odaiyur,pages/india/tamil-nadu/modaiyur.html,N/A,scripts/build_search_index.py:69,Update search_index.json to support key to array of URLs
CHK_IDX_01,Target URL Collision (Cities),HIGH,cities,m.pudur|mpudur,pages/india/tamil-nadu/mpudur.html,N/A,scripts/build_search_index.py:69,Update search_index.json to support key to array of URLs
CHK_IDX_01,Target URL Collision (Cities),HIGH,cities,npudupatti|n.pudupatti,pages/india/tamil-nadu/npudupatti.html,N/A,scripts/build_search_index.py:69,Update search_index.json to support key to array of URLs
CHK_IDX_01,Target URL Collision (Cities),HIGH,cities,mallapurb.o|mallapurbo,pages/india/telangana/mallapurbo.html,N/A,scripts/build_search_index.py:69,Update search_index.json to support key to array of URLs
CHK_IDX_01,Target URL Collision (Cities),HIGH,cities,boregaon|boregaon ),pages/india/telangana/boregaon.html,N/A,scripts/build_search_index.py:69,Update search_index.json to support key to array of URLs
CHK_IDX_01,Target URL Collision (Cities),HIGH,cities,al fagaa|al fagaa',pages/ae/03/al-fagaa.html,N/A,scripts/build_search_index.py:69,Update search_index.json to support key to array of URLs
CHK_IDX_01,Target URL Collision (Cities),HIGH,cities,uruguay|ñuruguay,pages/ar/Corrientes/uruguay.html,N/A,scripts/build_search_index.py:69,Update search_index.json to support key to array of URLs
CHK_IDX_01,Target URL Collision (Cities),HIGH,cities,gönitz|gößnitz,pages/at/Kärnten/gnitz.html,N/A,scripts/build_search_index.py:69,Update search_index.json to support key to array of URLs
CHK_IDX_01,Target URL Collision (Cities),HIGH,cities,unter-sankt georgen|unter sankt georgen,pages/at/Oberösterreich/unter-sankt-georgen.html,N/A,scripts/build_search_index.py:69,Update search_index.json to support key to array of URLs
CHK_IDX_01,Target URL Collision (Cities),HIGH,cities,haselbäckau|haselböckau,pages/at/Oberösterreich/haselbckau.html,N/A,scripts/build_search_index.py:69,Update search_index.json to support key to array of URLs
CHK_IDX_01,Target URL Collision (Cities),HIGH,cities,präbach|pörbach,pages/at/Steiermark/prbach.html,N/A,scripts/build_search_index.py:69,Update search_index.json to support key to array of URLs
CHK_IDX_01,Target URL Collision (Cities),HIGH,cities,o’connor|o'connor,pages/au/Australian_Capital_Territory/oconnor.html,N/A,scripts/build_search_index.py:69,Update search_index.json to support key to array of URLs
CHK_IDX_01,Target URL Collision (Cities),HIGH,cities,o’malley|o'malley,pages/au/Australian_Capital_Territory/omalley.html,N/A,scripts/build_search_index.py:69,Update search_index.json to support key to array of URLs
CHK_IDX_01,Target URL Collision (Cities),HIGH,cities,o’connell|oconnell|o'connell,pages/au/New_South_Wales/oconnell.html,N/A,scripts/build_search_index.py:69,Update search_index.json to support key to array of URLs
CHK_IDX_01,Target URL Collision (Cities),HIGH,cities,brighton le sands|brighton-le-sands,pages/au/New_South_Wales/brighton-le-sands.html,N/A,scripts/build_search_index.py:69,Update search_index.json to support key to array of URLs
CHK_IDX_01,Target URL Collision (Cities),HIGH,cities,o’briens hill|o'briens hill,pages/au/Queensland/obriens-hill.html,N/A,scripts/build_search_index.py:69,Update search_index.json to support key to array of URLs
CHK_IDX_01,Target URL Collision (Cities),HIGH,cities,d'aguilar|d’aguilar,pages/au/Queensland/daguilar.html,N/A,scripts/build_search_index.py:69,Update search_index.json to support key to array of URLs
CHK_IDX_01,Target URL Collision (Cities),HIGH,cities,brisbane city|brisbane-city,pages/au/Queensland/brisbane-city.html,N/A,scripts/build_search_index.py:69,Update search_index.json to support key to array of URLs
CHK_IDX_01,Target URL Collision (Cities),HIGH,cities,no 6 branch|no. 6 branch,pages/au/Queensland/no-6-branch.html,N/A,scripts/build_search_index.py:69,Update search_index.json to support key to array of URLs
CHK_IDX_01,Target URL Collision (Cities),HIGH,cities,o’bil bil|obil bil|o'bil bil,pages/au/Queensland/obil-bil.html,N/A,scripts/build_search_index.py:69,Update search_index.json to support key to array of URLs
CHK_IDX_01,Target URL Collision (Cities),HIGH,cities,no. 4 branch|no 4 branch,pages/au/Queensland/no-4-branch.html,N/A,scripts/build_search_index.py:69,Update search_index.json to support key to array of URLs
CHK_IDX_01,Target URL Collision (Cities),HIGH,cities,o'reilly|o’reilly,pages/au/Queensland/oreilly.html,N/A,scripts/build_search_index.py:69,Update search_index.json to support key to array of URLs
CHK_IDX_01,Target URL Collision (Cities),HIGH,cities,no. 5 branch|no 5 branch,pages/au/Queensland/no-5-branch.html,N/A,scripts/build_search_index.py:69,Update search_index.json to support key to array of URLs
CHK_IDX_01,Target URL Collision (Cities),HIGH,cities,kingston on murray|kingston-on-murray,pages/au/South_Australia/kingston-on-murray.html,N/A,scripts/build_search_index.py:69,Update search_index.json to support key to array of URLs
CHK_IDX_01,Target URL Collision (Cities),HIGH,cities,d’estrees bay|d'estrees bay,pages/au/South_Australia/destrees-bay.html,N/A,scripts/build_search_index.py:69,Update search_index.json to support key to array of URLs
CHK_IDX_01,Target URL Collision (Cities),HIGH,cities,o’halloran hill|o'halloran hill,pages/au/South_Australia/ohalloran-hill.html,N/A,scripts/build_search_index.py:69,Update search_index.json to support key to array of URLs
CHK_IDX_01,Target URL Collision (Cities),HIGH,cities,stun'sail boom|stun’sail boom,pages/au/South_Australia/stunsail-boom.html,N/A,scripts/build_search_index.py:69,Update search_index.json to support key to array of URLs
CHK_IDX_01,Target URL Collision (Cities),HIGH,cities,mil lel|mil-lel,pages/au/South_Australia/mil-lel.html,N/A,scripts/build_search_index.py:69,Update search_index.json to support key to array of URLs
CHK_IDX_01,Target URL Collision (Cities),HIGH,cities,o'sullivan beach|o’sullivan beach,pages/au/South_Australia/osullivan-beach.html,N/A,scripts/build_search_index.py:69,Update search_index.json to support key to array of URLs
CHK_IDX_01,Target URL Collision (Cities),HIGH,cities,kiş|şəki,pages/az/Şəki/ki.html,N/A,scripts/build_search_index.py:69,Update search_index.json to support key to array of URLs
CHK_IDX_01,Target URL Collision (Cities),HIGH,cities,бов / bov|bov,pages/bg/София__Sofija/bov.html,N/A,scripts/build_search_index.py:69,Update search_index.json to support key to array of URLs
CHK_IDX_01,Target URL Collision (Cities),HIGH,cities,tapiraí|tapira,pages/br/Minas_Gerais/tapira.html,N/A,scripts/build_search_index.py:69,Update search_index.json to support key to array of URLs
CHK_IDX_01,Target URL Collision (Cities),HIGH,cities,curuá|curuçá,pages/br/Para/curu.html,N/A,scripts/build_search_index.py:69,Update search_index.json to support key to array of URLs
CHK_IDX_01,Target URL Collision (Cities),HIGH,cities,pirajuí|piraju,pages/br/Sao_Paulo/piraju.html,N/A,scripts/build_search_index.py:69,Update search_index.json to support key to array of URLs
CHK_IDX_01,Target URL Collision (Cities),HIGH,cities,турна - большая|погост - загородский|кожан - городок|вулька - обровская|давид - городок,pages/by/Brest/-.html,N/A,scripts/build_search_index.py:69,Update search_index.json to support key to array of URLs
CHK_IDX_01,Target URL Collision (Cities),HIGH,cities,бабичи - пункт почтовой связи|рудня - бурицкая|рудня - журавлева|буда - люшевская|буда - головчицкая,pages/by/Gomel/-.html,N/A,scripts/build_search_index.py:69,Update search_index.json to support key to array of URLs
CHK_IDX_01,Target URL Collision (Cities),HIGH,cities,ветка 1|козенки 1|озерница 1|копцевичи 1|зябровка 1,pages/by/Gomel/1.html,N/A,scripts/build_search_index.py:69,Update search_index.json to support key to array of URLs
CHK_IDX_01,Target URL Collision (Cities),HIGH,cities,ченки 2|зябровка 2|красный берег 2|хомичи 2|хойники 2,pages/by/Gomel/2.html,N/A,scripts/build_search_index.py:69,Update search_index.json to support key to array of URLs
CHK_IDX_01,Target URL Collision (Cities),HIGH,cities,муровано - ошмяны|рожанка - станция|апалино-басино,pages/by/Grodno/-.html,N/A,scripts/build_search_index.py:69,Update search_index.json to support key to array of URLs
CHK_IDX_01,Target URL Collision (Cities),HIGH,cities,лесной 1|путчино 1|ждановичи 1|заславль 1,pages/by/Minsk/1.html,N/A,scripts/build_search_index.py:69,Update search_index.json to support key to array of URLs
CHK_IDX_01,Target URL Collision (Cities),HIGH,cities,старые дороги - совхоз|минск - сокол|слобода - кучинка|погост - второй|ветеревичи - вторые,pages/by/Minsk/-.html,N/A,scripts/build_search_index.py:69,Update search_index.json to support key to array of URLs
CHK_IDX_01,Target URL Collision (Cities),HIGH,cities,лесной 2|ждановичи 2|уречье 2,pages/by/Minsk/2.html,N/A,scripts/build_search_index.py:69,Update search_index.json to support key to array of URLs
CHK_IDX_01,Target URL Collision (Cities),HIGH,cities,ново-бращено|имени ленина - совхоз|несята - станция,pages/by/Moghilev/-.html,N/A,scripts/build_search_index.py:69,Update search_index.json to support key to array of URLs
CHK_IDX_01,Target URL Collision (Cities),HIGH,cities,усвиж - бук|двор - плино|двор - низголово|двор-плино|двор - бобча,pages/by/Vitebsk/-.html,N/A,scripts/build_search_index.py:69,Update search_index.json to support key to array of URLs
CHK_IDX_01,Target URL Collision (Cities),HIGH,cities,ветрино 1|руба 1,pages/by/Vitebsk/1.html,N/A,scripts/build_search_index.py:69,Update search_index.json to support key to array of URLs
CHK_IDX_01,Target URL Collision (Cities),HIGH,cities,la punt-chamues-ch|la punt chamues-ch,pages/ch/Kanton_Graubünden/la-punt-chamues-ch.html,N/A,scripts/build_search_index.py:69,Update search_index.json to support key to array of URLs
CHK_IDX_01,Target URL Collision (Cities),HIGH,cities,kanice|kašnice,pages/cz/Jihomoravský_kraj/kanice.html,N/A,scripts/build_search_index.py:69,Update search_index.json to support key to array of URLs
CHK_IDX_01,Target URL Collision (Cities),HIGH,cities,milíčovice|milovice,pages/cz/Jihomoravský_kraj/milovice.html,N/A,scripts/build_search_index.py:69,Update search_index.json to support key to array of URLs
CHK_IDX_01,Target URL Collision (Cities),HIGH,cities,stránice|strážnice,pages/cz/Jihomoravský_kraj/strnice.html,N/A,scripts/build_search_index.py:69,Update search_index.json to support key to array of URLs
CHK_IDX_01,Target URL Collision (Cities),HIGH,cities,těšetice|tetčice,pages/cz/Jihomoravský_kraj/tetice.html,N/A,scripts/build_search_index.py:69,Update search_index.json to support key to array of URLs
CHK_IDX_01,Target URL Collision (Cities),HIGH,cities,útěchov|těchov|štěchov,pages/cz/Jihomoravský_kraj/tchov.html,N/A,scripts/build_search_index.py:69,Update search_index.json to support key to array of URLs
CHK_IDX_01,Target URL Collision (Cities),HIGH,cities,čížky|říčky,pages/cz/Jihomoravský_kraj/ky.html,N/A,scripts/build_search_index.py:69,Update search_index.json to support key to array of URLs
CHK_IDX_01,Target URL Collision (Cities),HIGH,cities,černčín|černín,pages/cz/Jihomoravský_kraj/ernn.html,N/A,scripts/build_search_index.py:69,Update search_index.json to support key to array of URLs
CHK_IDX_01,Target URL Collision (Cities),HIGH,cities,vranov|vranová,pages/cz/Jihomoravský_kraj/vranov.html,N/A,scripts/build_search_index.py:69,Update search_index.json to support key to array of URLs
CHK_IDX_01,Target URL Collision (Cities),HIGH,cities,lačnov|lančov,pages/cz/Jihomoravský_kraj/lanov.html,N/A,scripts/build_search_index.py:69,Update search_index.json to support key to array of URLs
CHK_IDX_01,Target URL Collision (Cities),HIGH,cities,štýřice|těšice,pages/cz/Jihomoravský_kraj/tice.html,N/A,scripts/build_search_index.py:69,Update search_index.json to support key to array of URLs
CHK_IDX_01,Target URL Collision (Cities),HIGH,cities,bělá|bílá,pages/cz/Jihočeský_kraj/bl.html,N/A,scripts/build_search_index.py:69,Update search_index.json to support key to array of URLs
CHK_IDX_01,Target URL Collision (Cities),HIGH,cities,kočín|košín,pages/cz/Jihočeský_kraj/kon.html,N/A,scripts/build_search_index.py:69,Update search_index.json to support key to array of URLs
CHK_IDX_01,Target URL Collision (Cities),HIGH,cities,mišovice|mičovice,pages/cz/Jihočeský_kraj/miovice.html,N/A,scripts/build_search_index.py:69,Update search_index.json to support key to array of URLs
CHK_IDX_01,Target URL Collision (Cities),HIGH,cities,čenkov|řenkov,pages/cz/Jihočeský_kraj/enkov.html,N/A,scripts/build_search_index.py:69,Update search_index.json to support key to array of URLs
CHK_IDX_01,Target URL Collision (Cities),HIGH,cities,rovná|žárovná,pages/cz/Jihočeský_kraj/rovn.html,N/A,scripts/build_search_index.py:69,Update search_index.json to support key to array of URLs
CHK_IDX_01,Target URL Collision (Cities),HIGH,cities,dřešín|dešná,pages/cz/Jihočeský_kraj/den.html,N/A,scripts/build_search_index.py:69,Update search_index.json to support key to array of URLs
CHK_IDX_01,Target URL Collision (Cities),HIGH,cities,lišov|ličov,pages/cz/Jihočeský_kraj/liov.html,N/A,scripts/build_search_index.py:69,Update search_index.json to support key to array of URLs
CHK_IDX_01,Target URL Collision (Cities),HIGH,cities,drážov|držov,pages/cz/Jihočeský_kraj/drov.html,N/A,scripts/build_search_index.py:69,Update search_index.json to support key to array of URLs
CHK_IDX_01,Target URL Collision (Cities),HIGH,cities,radíkov|radkov,pages/cz/Jihočeský_kraj/radkov.html,N/A,scripts/build_search_index.py:69,Update search_index.json to support key to array of URLs
CHK_IDX_01,Target URL Collision (Cities),HIGH,cities,vyšné|vyšný,pages/cz/Jihočeský_kraj/vyn.html,N/A,scripts/build_search_index.py:69,Update search_index.json to support key to array of URLs
CHK_IDX_01,Target URL Collision (Cities),HIGH,cities,klenov|klenová,pages/cz/Jihočeský_kraj/klenov.html,N/A,scripts/build_search_index.py:69,Update search_index.json to support key to array of URLs
CHK_IDX_01,Target URL Collision (Cities),HIGH,cities,bořice|bošice,pages/cz/Jihočeský_kraj/boice.html,N/A,scripts/build_search_index.py:69,Update search_index.json to support key to array of URLs
CHK_IDX_01,Target URL Collision (Cities),HIGH,cities,popelná|popelín,pages/cz/Jihočeský_kraj/popeln.html,N/A,scripts/build_search_index.py:69,Update search_index.json to support key to array of URLs
CHK_IDX_01,Target URL Collision (Cities),HIGH,cities,přísečná|písečné,pages/cz/Jihočeský_kraj/psen.html,N/A,scripts/build_search_index.py:69,Update search_index.json to support key to array of URLs
CHK_IDX_01,Target URL Collision (Cities),HIGH,cities,mezná|mezný,pages/cz/Jihočeský_kraj/mezn.html,N/A,scripts/build_search_index.py:69,Update search_index.json to support key to array of URLs
CHK_IDX_01,Target URL Collision (Cities),HIGH,cities,malčice|malšice,pages/cz/Jihočeský_kraj/malice.html,N/A,scripts/build_search_index.py:69,Update search_index.json to support key to array of URLs
CHK_IDX_01,Target URL Collision (Cities),HIGH,cities,ústrašice|strašice,pages/cz/Jihočeský_kraj/straice.html,N/A,scripts/build_search_index.py:69,Update search_index.json to support key to array of URLs
CHK_IDX_01,Target URL Collision (Cities),HIGH,cities,vřesce|vesce,pages/cz/Jihočeský_kraj/vesce.html,N/A,scripts/build_search_index.py:69,Update search_index.json to support key to array of URLs
CHK_IDX_01,Target URL Collision (Cities),HIGH,cities,libín|libníč,pages/cz/Jihočeský_kraj/libn.html,N/A,scripts/build_search_index.py:69,Update search_index.json to support key to array of URLs
CHK_IDX_01,Target URL Collision (Cities),HIGH,cities,žíšov|čížová,pages/cz/Jihočeský_kraj/ov.html,N/A,scripts/build_search_index.py:69,Update search_index.json to support key to array of URLs
CHK_IDX_01,Target URL Collision (Cities),HIGH,cities,roudná|roudné,pages/cz/Jihočeský_kraj/roudn.html,N/A,scripts/build_search_index.py:69,Update search_index.json to support key to array of URLs
CHK_IDX_01,Target URL Collision (Cities),HIGH,cities,žernovice|černýšovice,pages/cz/Jihočeský_kraj/ernovice.html,N/A,scripts/build_search_index.py:69,Update search_index.json to support key to array of URLs
CHK_IDX_01,Target URL Collision (Cities),HIGH,cities,křižanov|křišťanov,pages/cz/Jihočeský_kraj/kianov.html,N/A,scripts/build_search_index.py:69,Update search_index.json to support key to array of URLs
CHK_IDX_01,Target URL Collision (Cities),HIGH,cities,štěkeň|štěkře,pages/cz/Jihočeský_kraj/tke.html,N/A,scripts/build_search_index.py:69,Update search_index.json to support key to array of URLs
CHK_IDX_01,Target URL Collision (Cities),HIGH,cities,dražíč|údraž,pages/cz/Jihočeský_kraj/dra.html,N/A,scripts/build_search_index.py:69,Update search_index.json to support key to array of URLs
CHK_IDX_01,Target URL Collision (Cities),HIGH,cities,dobrš|dobrá,pages/cz/Jihočeský_kraj/dobr.html,N/A,scripts/build_search_index.py:69,Update search_index.json to support key to array of URLs
CHK_IDX_01,Target URL Collision (Cities),HIGH,cities,mříč|číměř,pages/cz/Jihočeský_kraj/m.html,N/A,scripts/build_search_index.py:69,Update search_index.json to support key to array of URLs
CHK_IDX_01,Target URL Collision (Cities),HIGH,cities,kralovice|krašlovice,pages/cz/Jihočeský_kraj/kralovice.html,N/A,scripts/build_search_index.py:69,Update search_index.json to support key to array of URLs
CHK_IDX_01,Target URL Collision (Cities),HIGH,cities,budákov|budkov,pages/cz/Jihočeský_kraj/budkov.html,N/A,scripts/build_search_index.py:69,Update search_index.json to support key to array of URLs
CHK_IDX_01,Target URL Collision (Cities),HIGH,cities,podhradí|podhrad,pages/cz/Karlovarský_kraj/podhrad.html,N/A,scripts/build_search_index.py:69,Update search_index.json to support key to array of URLs
CHK_IDX_01,Target URL Collision (Cities),HIGH,cities,krásné|krásná,pages/cz/Karlovarský_kraj/krsn.html,N/A,scripts/build_search_index.py:69,Update search_index.json to support key to array of URLs
CHK_IDX_01,Target URL Collision (Cities),HIGH,cities,boč|úbočí,pages/cz/Karlovarský_kraj/bo.html,N/A,scripts/build_search_index.py:69,Update search_index.json to support key to array of URLs
CHK_IDX_01,Target URL Collision (Cities),HIGH,cities,počátky|potůčky,pages/cz/Karlovarský_kraj/potky.html,N/A,scripts/build_search_index.py:69,Update search_index.json to support key to array of URLs
CHK_IDX_01,Target URL Collision (Cities),HIGH,cities,lískovec|léskovec,pages/cz/Kraj_Vysočina/lskovec.html,N/A,scripts/build_search_index.py:69,Update search_index.json to support key to array of URLs
CHK_IDX_01,Target URL Collision (Cities),HIGH,cities,slavice|čáslavice,pages/cz/Kraj_Vysočina/slavice.html,N/A,scripts/build_search_index.py:69,Update search_index.json to support key to array of URLs
CHK_IDX_01,Target URL Collision (Cities),HIGH,cities,křoví|čížkov,pages/cz/Kraj_Vysočina/kov.html,N/A,scripts/build_search_index.py:69,Update search_index.json to support key to array of URLs
CHK_IDX_01,Target URL Collision (Cities),HIGH,cities,osové|osová,pages/cz/Kraj_Vysočina/osov.html,N/A,scripts/build_search_index.py:69,Update search_index.json to support key to array of URLs
CHK_IDX_01,Target URL Collision (Cities),HIGH,cities,měšín|měřín,pages/cz/Kraj_Vysočina/mn.html,N/A,scripts/build_search_index.py:69,Update search_index.json to support key to array of URLs
CHK_IDX_01,Target URL Collision (Cities),HIGH,cities,dlouhý|dlouhé,pages/cz/Kraj_Vysočina/dlouh.html,N/A,scripts/build_search_index.py:69,Update search_index.json to support key to array of URLs
CHK_IDX_01,Target URL Collision (Cities),HIGH,cities,vříšť|věž,pages/cz/Kraj_Vysočina/v.html,N/A,scripts/build_search_index.py:69,Update search_index.json to support key to array of URLs
CHK_IDX_01,Target URL Collision (Cities),HIGH,cities,rovné|rovný,pages/cz/Kraj_Vysočina/rovn.html,N/A,scripts/build_search_index.py:69,Update search_index.json to support key to array of URLs
CHK_IDX_01,Target URL Collision (Cities),HIGH,cities,čachotín|šachotín,pages/cz/Kraj_Vysočina/achotn.html,N/A,scripts/build_search_index.py:69,Update search_index.json to support key to array of URLs
CHK_IDX_01,Target URL Collision (Cities),HIGH,cities,litohošť|litohoř,pages/cz/Kraj_Vysočina/litoho.html,N/A,scripts/build_search_index.py:69,Update search_index.json to support key to array of URLs
CHK_IDX_01,Target URL Collision (Cities),HIGH,cities,záborná|zborná,pages/cz/Kraj_Vysočina/zborn.html,N/A,scripts/build_search_index.py:69,Update search_index.json to support key to array of URLs
CHK_IDX_01,Target URL Collision (Cities),HIGH,cities,ždírnice|údrnice,pages/cz/Královéhradecký_kraj/drnice.html,N/A,scripts/build_search_index.py:69,Update search_index.json to support key to array of URLs
CHK_IDX_01,Target URL Collision (Cities),HIGH,cities,těšín|tůně,pages/cz/Královéhradecký_kraj/tn.html,N/A,scripts/build_search_index.py:69,Update search_index.json to support key to array of URLs
CHK_IDX_01,Target URL Collision (Cities),HIGH,cities,úlibice|libřice|liběšice,pages/cz/Královéhradecký_kraj/libice.html,N/A,scripts/build_search_index.py:69,Update search_index.json to support key to array of URLs
CHK_IDX_01,Target URL Collision (Cities),HIGH,cities,osenice|osečnice,pages/cz/Královéhradecký_kraj/osenice.html,N/A,scripts/build_search_index.py:69,Update search_index.json to support key to array of URLs
CHK_IDX_01,Target URL Collision (Cities),HIGH,cities,bořkov|božíkov,pages/cz/Liberecký_kraj/bokov.html,N/A,scripts/build_search_index.py:69,Update search_index.json to support key to array of URLs
CHK_IDX_01,Target URL Collision (Cities),HIGH,cities,křížov|křížová,pages/cz/Moravskoslezský_kraj/kov.html,N/A,scripts/build_search_index.py:69,Update search_index.json to support key to array of URLs
CHK_IDX_01,Target URL Collision (Cities),HIGH,cities,dubany|dubčany,pages/cz/Olomoucký_kraj/dubany.html,N/A,scripts/build_search_index.py:69,Update search_index.json to support key to array of URLs
CHK_IDX_01,Target URL Collision (Cities),HIGH,cities,žákovice|říkovice,pages/cz/Olomoucký_kraj/kovice.html,N/A,scripts/build_search_index.py:69,Update search_index.json to support key to array of URLs
CHK_IDX_01,Target URL Collision (Cities),HIGH,cities,lazníky|lazníčky,pages/cz/Olomoucký_kraj/laznky.html,N/A,scripts/build_search_index.py:69,Update search_index.json to support key to array of URLs
CHK_IDX_01,Target URL Collision (Cities),HIGH,cities,želechovice|čelechovice,pages/cz/Olomoucký_kraj/elechovice.html,N/A,scripts/build_search_index.py:69,Update search_index.json to support key to array of URLs
CHK_IDX_01,Target URL Collision (Cities),HIGH,cities,řikovice|šiškovice,pages/cz/Pardubický_kraj/ikovice.html,N/A,scripts/build_search_index.py:69,Update search_index.json to support key to array of URLs
CHK_IDX_01,Target URL Collision (Cities),HIGH,cities,kraskov|krasíkov,pages/cz/Pardubický_kraj/kraskov.html,N/A,scripts/build_search_index.py:69,Update search_index.json to support key to array of URLs
CHK_IDX_01,Target URL Collision (Cities),HIGH,cities,podlíšťany|podůlšany,pages/cz/Pardubický_kraj/podlany.html,N/A,scripts/build_search_index.py:69,Update search_index.json to support key to array of URLs
CHK_IDX_01,Target URL Collision (Cities),HIGH,cities,něšov|úněšov|nový|čínov,pages/cz/Plzeňský_kraj/nov.html,N/A,scripts/build_search_index.py:69,Update search_index.json to support key to array of URLs
CHK_IDX_01,Target URL Collision (Cities),HIGH,cities,louňová|loučová,pages/cz/Plzeňský_kraj/louov.html,N/A,scripts/build_search_index.py:69,Update search_index.json to support key to array of URLs
CHK_IDX_01,Target URL Collision (Cities),HIGH,cities,těnovice|štěnovice,pages/cz/Plzeňský_kraj/tnovice.html,N/A,scripts/build_search_index.py:69,Update search_index.json to support key to array of URLs
CHK_IDX_01,Target URL Collision (Cities),HIGH,cities,božkovy|boříkovy,pages/cz/Plzeňský_kraj/bokovy.html,N/A,scripts/build_search_index.py:69,Update search_index.json to support key to array of URLs
CHK_IDX_01,Target URL Collision (Cities),HIGH,cities,věštín|vítání,pages/cz/Plzeňský_kraj/vtn.html,N/A,scripts/build_search_index.py:69,Update search_index.json to support key to array of URLs
CHK_IDX_01,Target URL Collision (Cities),HIGH,cities,žerovice|čerňovice,pages/cz/Plzeňský_kraj/erovice.html,N/A,scripts/build_search_index.py:69,Update search_index.json to support key to array of URLs
CHK_IDX_01,Target URL Collision (Cities),HIGH,cities,buč|bučí,pages/cz/Plzeňský_kraj/bu.html,N/A,scripts/build_search_index.py:69,Update search_index.json to support key to array of URLs
CHK_IDX_01,Target URL Collision (Cities),HIGH,cities,kvášňovice|kvíčovice,pages/cz/Plzeňský_kraj/kvovice.html,N/A,scripts/build_search_index.py:69,Update search_index.json to support key to array of URLs
CHK_IDX_01,Target URL Collision (Cities),HIGH,cities,hlohovčice|hlohovice,pages/cz/Plzeňský_kraj/hlohovice.html,N/A,scripts/build_search_index.py:69,Update search_index.json to support key to array of URLs
CHK_IDX_01,Target URL Collision (Cities),HIGH,cities,řešín|čečín,pages/cz/Plzeňský_kraj/en.html,N/A,scripts/build_search_index.py:69,Update search_index.json to support key to array of URLs
CHK_IDX_01,Target URL Collision (Cities),HIGH,cities,zhůř|zhůří,pages/cz/Plzeňský_kraj/zh.html,N/A,scripts/build_search_index.py:69,Update search_index.json to support key to array of URLs
CHK_IDX_01,Target URL Collision (Cities),HIGH,cities,tužice|útušice,pages/cz/Plzeňský_kraj/tuice.html,N/A,scripts/build_search_index.py:69,Update search_index.json to support key to array of URLs
CHK_IDX_01,Target URL Collision (Cities),HIGH,cities,drahelice|drahelčice,pages/cz/Středočeský_kraj/drahelice.html,N/A,scripts/build_search_index.py:69,Update search_index.json to support key to array of URLs
CHK_IDX_01,Target URL Collision (Cities),HIGH,cities,březno|bezno,pages/cz/Středočeský_kraj/bezno.html,N/A,scripts/build_search_index.py:69,Update search_index.json to support key to array of URLs
CHK_IDX_01,Target URL Collision (Cities),HIGH,cities,úhonice|honice,pages/cz/Středočeský_kraj/honice.html,N/A,scripts/build_search_index.py:69,Update search_index.json to support key to array of URLs
CHK_IDX_01,Target URL Collision (Cities),HIGH,cities,doubravany|doubravčany,pages/cz/Středočeský_kraj/doubravany.html,N/A,scripts/build_search_index.py:69,Update search_index.json to support key to array of URLs
CHK_IDX_01,Target URL Collision (Cities),HIGH,cities,zlonice|zlončice,pages/cz/Středočeský_kraj/zlonice.html,N/A,scripts/build_search_index.py:69,Update search_index.json to support key to array of URLs
CHK_IDX_01,Target URL Collision (Cities),HIGH,cities,lžovice|lážovice,pages/cz/Středočeský_kraj/lovice.html,N/A,scripts/build_search_index.py:69,Update search_index.json to support key to array of URLs
CHK_IDX_01,Target URL Collision (Cities),HIGH,cities,libčice|libice,pages/cz/Středočeský_kraj/libice.html,N/A,scripts/build_search_index.py:69,Update search_index.json to support key to array of URLs
CHK_IDX_01,Target URL Collision (Cities),HIGH,cities,čanovice|šanovice,pages/cz/Středočeský_kraj/anovice.html,N/A,scripts/build_search_index.py:69,Update search_index.json to support key to array of URLs
CHK_IDX_01,Target URL Collision (Cities),HIGH,cities,čenětice|čentice,pages/cz/Středočeský_kraj/entice.html,N/A,scripts/build_search_index.py:69,Update search_index.json to support key to array of URLs
CHK_IDX_01,Target URL Collision (Cities),HIGH,cities,bořkovice|božkovice,pages/cz/Středočeský_kraj/bokovice.html,N/A,scripts/build_search_index.py:69,Update search_index.json to support key to array of URLs
CHK_IDX_01,Target URL Collision (Cities),HIGH,cities,dobrošovice|dobročovice,pages/cz/Středočeský_kraj/dobroovice.html,N/A,scripts/build_search_index.py:69,Update search_index.json to support key to array of URLs
CHK_IDX_01,Target URL Collision (Cities),HIGH,cities,malíkovice|malkovice,pages/cz/Středočeský_kraj/malkovice.html,N/A,scripts/build_search_index.py:69,Update search_index.json to support key to array of URLs
CHK_IDX_01,Target URL Collision (Cities),HIGH,cities,stupice|stupčice,pages/cz/Středočeský_kraj/stupice.html,N/A,scripts/build_search_index.py:69,Update search_index.json to support key to array of URLs
CHK_IDX_01,Target URL Collision (Cities),HIGH,cities,monín|úmonín,pages/cz/Středočeský_kraj/monn.html,N/A,scripts/build_search_index.py:69,Update search_index.json to support key to array of URLs
CHK_IDX_01,Target URL Collision (Cities),HIGH,cities,radouň|radouš,pages/cz/Středočeský_kraj/radou.html,N/A,scripts/build_search_index.py:69,Update search_index.json to support key to array of URLs
CHK_IDX_01,Target URL Collision (Cities),HIGH,cities,krčmy|krámy,pages/cz/Středočeský_kraj/krmy.html,N/A,scripts/build_search_index.py:69,Update search_index.json to support key to array of URLs
CHK_IDX_01,Target URL Collision (Cities),HIGH,cities,libež|libeř,pages/cz/Středočeský_kraj/libe.html,N/A,scripts/build_search_index.py:69,Update search_index.json to support key to array of URLs
CHK_IDX_01,Target URL Collision (Cities),HIGH,cities,ješovice|ježovice,pages/cz/Středočeský_kraj/jeovice.html,N/A,scripts/build_search_index.py:69,Update search_index.json to support key to array of URLs
CHK_IDX_01,Target URL Collision (Cities),HIGH,cities,roštín|roštění,pages/cz/Zlínský_kraj/rotn.html,N/A,scripts/build_search_index.py:69,Update search_index.json to support key to array of URLs
CHK_IDX_01,Target URL Collision (Cities),HIGH,cities,míkovice|míškovice,pages/cz/Zlínský_kraj/mkovice.html,N/A,scripts/build_search_index.py:69,Update search_index.json to support key to array of URLs
CHK_IDX_01,Target URL Collision (Cities),HIGH,cities,hlinná|hliněná,pages/cz/Ústecký_kraj/hlinn.html,N/A,scripts/build_search_index.py:69,Update search_index.json to support key to array of URLs
CHK_IDX_01,Target URL Collision (Cities),HIGH,cities,hřivčice|hřivice,pages/cz/Ústecký_kraj/hivice.html,N/A,scripts/build_search_index.py:69,Update search_index.json to support key to array of URLs
CHK_IDX_01,Target URL Collision (Cities),HIGH,cities,deißlingen|deilingen,pages/de/Baden-Württemberg/deilingen.html,N/A,scripts/build_search_index.py:69,Update search_index.json to support key to array of URLs
CHK_IDX_01,Target URL Collision (Cities),HIGH,cities,münchberg|mönchberg,pages/de/Bayern/mnchberg.html,N/A,scripts/build_search_index.py:69,Update search_index.json to support key to array of URLs
CHK_IDX_01,Target URL Collision (Cities),HIGH,cities,aok-die gesundheitskasse in hessen|aok die gesundheitskasse in hessen,pages/de/Hessen/aok-die-gesundheitskasse-in-hessen.html,N/A,scripts/build_search_index.py:69,Update search_index.json to support key to array of URLs
CHK_IDX_01,Target URL Collision (Cities),HIGH,cities,st. johannes-hospital|st.-johannes-hospital,pages/de/Nordrhein-Westfalen/st-johannes-hospital.html,N/A,scripts/build_search_index.py:69,Update search_index.json to support key to array of URLs
CHK_IDX_01,Target URL Collision (Cities),HIGH,cities,käthen|köthen,pages/de/Sachsen-Anhalt/kthen.html,N/A,scripts/build_search_index.py:69,Update search_index.json to support key to array of URLs
CHK_IDX_01,Target URL Collision (Cities),HIGH,cities,klüden|klöden|kläden,pages/de/Sachsen-Anhalt/klden.html,N/A,scripts/build_search_index.py:69,Update search_index.json to support key to array of URLs
CHK_IDX_01,Target URL Collision (Cities),HIGH,cities,hürup|hörup,pages/de/Schleswig-Holstein/hrup.html,N/A,scripts/build_search_index.py:69,Update search_index.json to support key to array of URLs
CHK_IDX_01,Target URL Collision (Cities),HIGH,cities,odense s|odense sø,pages/dk/South_Denmark/odense-s.html,N/A,scripts/build_search_index.py:69,Update search_index.json to support key to array of URLs
CHK_IDX_01,Target URL Collision (Cities),HIGH,cities,odense n|odense nø,pages/dk/South_Denmark/odense-n.html,N/A,scripts/build_search_index.py:69,Update search_index.json to support key to array of URLs
CHK_IDX_01,Target URL Collision (Cities),HIGH,cities,mzata|m'zata,pages/dz/Batna/mzata.html,N/A,scripts/build_search_index.py:69,Update search_index.json to support key to array of URLs
CHK_IDX_01,Target URL Collision (Cities),HIGH,cities,s'hanin|shanin,pages/dz/Medea/shanin.html,N/A,scripts/build_search_index.py:69,Update search_index.json to support key to array of URLs
CHK_IDX_01,Target URL Collision (Cities),HIGH,cities,tizi tzougart|tizi t'zougart,pages/dz/Tizi-Ouzou/tizi-tzougart.html,N/A,scripts/build_search_index.py:69,Update search_index.json to support key to array of URLs
CHK_IDX_01,Target URL Collision (Cities),HIGH,cities,põitse|pöitse,pages/ee/Saare_maakond/pitse.html,N/A,scripts/build_search_index.py:69,Update search_index.json to support key to array of URLs
CHK_IDX_01,Target URL Collision (Cities),HIGH,cities,pässä|püssä,pages/ee/Võru_maakond/pss.html,N/A,scripts/build_search_index.py:69,Update search_index.json to support key to array of URLs
CHK_IDX_01,Target URL Collision (Cities),HIGH,cities,cuña|cua,pages/es/Asturias/cua.html,N/A,scripts/build_search_index.py:69,Update search_index.json to support key to array of URLs
CHK_IDX_01,Target URL Collision (Cities),HIGH,cities,arnao|arnaño,pages/es/Asturias/arnao.html,N/A,scripts/build_search_index.py:69,Update search_index.json to support key to array of URLs
CHK_IDX_01,Target URL Collision (Cities),HIGH,cities,"villares los (coaña)|villares, los (coaña)",pages/es/Asturias/villares-los-coaa.html,N/A,scripts/build_search_index.py:69,Update search_index.json to support key to array of URLs
CHK_IDX_01,Target URL Collision (Cities),HIGH,cities,pals|paüls,pages/es/Cataluna/pals.html,N/A,scripts/build_search_index.py:69,Update search_index.json to support key to array of URLs
CHK_IDX_01,Target URL Collision (Cities),HIGH,cities,"pardieiros, os|pardiñeiros, os",pages/es/Galicia/pardieiros-os.html,N/A,scripts/build_search_index.py:69,Update search_index.json to support key to array of URLs
CHK_IDX_01,Target URL Collision (Cities),HIGH,cities,aranoltza (san antolin)|aranoltza-san antolin,pages/es/Pais_Vasco/aranoltza-san-antolin.html,N/A,scripts/build_search_index.py:69,Update search_index.json to support key to array of URLs
CHK_IDX_01,Target URL Collision (Cities),HIGH,cities,gerea|gereña,pages/es/Pais_Vasco/gerea.html,N/A,scripts/build_search_index.py:69,Update search_index.json to support key to array of URLs
CHK_IDX_01,Target URL Collision (Cities),HIGH,cities,meaka|meñaka,pages/es/Pais_Vasco/meaka.html,N/A,scripts/build_search_index.py:69,Update search_index.json to support key to array of URLs
CHK_IDX_01,Target URL Collision (Cities),HIGH,cities,chavanne|échavanne,pages/fr/Bourgogne-Franche-Comté/chavanne.html,N/A,scripts/build_search_index.py:69,Update search_index.json to support key to array of URLs
CHK_IDX_01,Target URL Collision (Cities),HIGH,cities,la charme|la charmée,pages/fr/Bourgogne-Franche-Comté/la-charme.html,N/A,scripts/build_search_index.py:69,Update search_index.json to support key to array of URLs
CHK_IDX_01,Target URL Collision (Cities),HIGH,cities,chay|échay,pages/fr/Bourgogne-Franche-Comté/chay.html,N/A,scripts/build_search_index.py:69,Update search_index.json to support key to array of URLs
CHK_IDX_01,Target URL Collision (Cities),HIGH,cities,échannay|channay,pages/fr/Bourgogne-Franche-Comté/channay.html,N/A,scripts/build_search_index.py:69,Update search_index.json to support key to array of URLs
CHK_IDX_01,Target URL Collision (Cities),HIGH,cities,échevannes|chevannes,pages/fr/Bourgogne-Franche-Comté/chevannes.html,N/A,scripts/build_search_index.py:69,Update search_index.json to support key to array of URLs
CHK_IDX_01,Target URL Collision (Cities),HIGH,cities,émagny|magny,pages/fr/Bourgogne-Franche-Comté/magny.html,N/A,scripts/build_search_index.py:69,Update search_index.json to support key to array of URLs
CHK_IDX_01,Target URL Collision (Cities),HIGH,cities,paule|péaule,pages/fr/Bretagne/paule.html,N/A,scripts/build_search_index.py:69,Update search_index.json to support key to array of URLs
CHK_IDX_01,Target URL Collision (Cities),HIGH,cities,vrigny|vérigny,pages/fr/Centre-Val_de_Loire/vrigny.html,N/A,scripts/build_search_index.py:69,Update search_index.json to support key to array of URLs
CHK_IDX_01,Target URL Collision (Cities),HIGH,cities,broué|brou,pages/fr/Centre-Val_de_Loire/brou.html,N/A,scripts/build_search_index.py:69,Update search_index.json to support key to array of URLs
CHK_IDX_01,Target URL Collision (Cities),HIGH,cities,toges|étoges,pages/fr/Grand_Est/toges.html,N/A,scripts/build_search_index.py:69,Update search_index.json to support key to array of URLs
CHK_IDX_01,Target URL Collision (Cities),HIGH,cities,vigny|évigny,pages/fr/Grand_Est/vigny.html,N/A,scripts/build_search_index.py:69,Update search_index.json to support key to array of URLs
CHK_IDX_01,Target URL Collision (Cities),HIGH,cities,vry|véry,pages/fr/Grand_Est/vry.html,N/A,scripts/build_search_index.py:69,Update search_index.json to support key to array of URLs
CHK_IDX_01,Target URL Collision (Cities),HIGH,cities,glannes|gélannes,pages/fr/Grand_Est/glannes.html,N/A,scripts/build_search_index.py:69,Update search_index.json to support key to array of URLs
CHK_IDX_01,Target URL Collision (Cities),HIGH,cities,chenay|échenay,pages/fr/Grand_Est/chenay.html,N/A,scripts/build_search_index.py:69,Update search_index.json to support key to array of URLs
CHK_IDX_01,Target URL Collision (Cities),HIGH,cities,haréville|harville,pages/fr/Grand_Est/harville.html,N/A,scripts/build_search_index.py:69,Update search_index.json to support key to array of URLs
CHK_IDX_01,Target URL Collision (Cities),HIGH,cities,treux|étreux,pages/fr/Hauts-de-France/treux.html,N/A,scripts/build_search_index.py:69,Update search_index.json to support key to array of URLs
CHK_IDX_01,Target URL Collision (Cities),HIGH,cities,écuvilly|cuvilly,pages/fr/Hauts-de-France/cuvilly.html,N/A,scripts/build_search_index.py:69,Update search_index.json to support key to array of URLs
CHK_IDX_01,Target URL Collision (Cities),HIGH,cities,hauville|héauville,pages/fr/Normandie/hauville.html,N/A,scripts/build_search_index.py:69,Update search_index.json to support key to array of URLs
CHK_IDX_01,Target URL Collision (Cities),HIGH,cities,mondeville|émondeville,pages/fr/Normandie/mondeville.html,N/A,scripts/build_search_index.py:69,Update search_index.json to support key to array of URLs
CHK_IDX_01,Target URL Collision (Cities),HIGH,cities,cauville|écauville,pages/fr/Normandie/cauville.html,N/A,scripts/build_search_index.py:69,Update search_index.json to support key to array of URLs
CHK_IDX_01,Target URL Collision (Cities),HIGH,cities,la ferté-macé|la ferté macé,pages/fr/Normandie/la-fert-mac.html,N/A,scripts/build_search_index.py:69,Update search_index.json to support key to array of URLs
CHK_IDX_01,Target URL Collision (Cities),HIGH,cities,lée|lüe,pages/fr/Nouvelle-Aquitaine/le.html,N/A,scripts/build_search_index.py:69,Update search_index.json to support key to array of URLs
CHK_IDX_01,Target URL Collision (Cities),HIGH,cities,échourgnac|chourgnac,pages/fr/Nouvelle-Aquitaine/chourgnac.html,N/A,scripts/build_search_index.py:69,Update search_index.json to support key to array of URLs
CHK_IDX_01,Target URL Collision (Cities),HIGH,cities,béruges|bruges,pages/fr/Nouvelle-Aquitaine/bruges.html,N/A,scripts/build_search_index.py:69,Update search_index.json to support key to array of URLs
CHK_IDX_01,Target URL Collision (Cities),HIGH,cities,tusson|étusson,pages/fr/Nouvelle-Aquitaine/tusson.html,N/A,scripts/build_search_index.py:69,Update search_index.json to support key to array of URLs
CHK_IDX_01,Target URL Collision (Cities),HIGH,cities,prignac|pérignac,pages/fr/Nouvelle-Aquitaine/prignac.html,N/A,scripts/build_search_index.py:69,Update search_index.json to support key to array of URLs
CHK_IDX_01,Target URL Collision (Cities),HIGH,cities,lherm|l'herm,pages/fr/Occitanie/lherm.html,N/A,scripts/build_search_index.py:69,Update search_index.json to support key to array of URLs
CHK_IDX_01,Target URL Collision (Cities),HIGH,cities,ousté|oust,pages/fr/Occitanie/oust.html,N/A,scripts/build_search_index.py:69,Update search_index.json to support key to array of URLs
CHK_IDX_01,Target URL Collision (Cities),HIGH,cities,écuillé|cuillé,pages/fr/Pays_de_la_Loire/cuill.html,N/A,scripts/build_search_index.py:69,Update search_index.json to support key to array of URLs
CHK_IDX_01,Target URL Collision (Cities),HIGH,cities,cabris|cabriès,pages/fr/Provence-Alpes-Côte_d'Azur/cabris.html,N/A,scripts/build_search_index.py:69,Update search_index.json to support key to array of URLs
CHK_IDX_01,Target URL Collision (Cities),HIGH,cities,lane-end|lane end,pages/gb/England/lane-end.html,N/A,scripts/build_search_index.py:69,Update search_index.json to support key to array of URLs
CHK_IDX_01,Target URL Collision (Cities),HIGH,cities,thornton-le-moor|thornton le moor,pages/gb/England/thornton-le-moor.html,N/A,scripts/build_search_index.py:69,Update search_index.json to support key to array of URLs
CHK_IDX_01,Target URL Collision (Cities),HIGH,cities,walton-on-the-hill|walton on the hill,pages/gb/England/walton-on-the-hill.html,N/A,scripts/build_search_index.py:69,Update search_index.json to support key to array of URLs
CHK_IDX_01,Target URL Collision (Cities),HIGH,cities,st stephen's|st stephens,pages/gb/England/st-stephens.html,N/A,scripts/build_search_index.py:69,Update search_index.json to support key to array of URLs
CHK_IDX_01,Target URL Collision (Cities),HIGH,cities,papworth st. agnes|papworth st agnes,pages/gb/England/papworth-st-agnes.html,N/A,scripts/build_search_index.py:69,Update search_index.json to support key to array of URLs
CHK_IDX_01,Target URL Collision (Cities),HIGH,cities,cefn coch|cefn-coch,pages/gb/England/cefn-coch.html,N/A,scripts/build_search_index.py:69,Update search_index.json to support key to array of URLs
CHK_IDX_01,Target URL Collision (Cities),HIGH,cities,ashby-de-la-zouch|ashby de la zouch,pages/gb/England/ashby-de-la-zouch.html,N/A,scripts/build_search_index.py:69,Update search_index.json to support key to array of URLs
CHK_IDX_01,Target URL Collision (Cities),HIGH,cities,bury st edmunds|bury st. edmunds,pages/gb/England/bury-st-edmunds.html,N/A,scripts/build_search_index.py:69,Update search_index.json to support key to array of URLs
CHK_IDX_01,Target URL Collision (Cities),HIGH,cities,st david's|st davids,pages/gb/Scotland/st-davids.html,N/A,scripts/build_search_index.py:69,Update search_index.json to support key to array of URLs
CHK_IDX_01,Target URL Collision (Cities),HIGH,cities,stančići|stanići,pages/hr/Bjelovarsko-Bilogorska/stanii.html,N/A,scripts/build_search_index.py:69,Update search_index.json to support key to array of URLs
CHK_IDX_01,Target URL Collision (Cities),HIGH,cities,juršići|jurići,pages/hr/Istarska/jurii.html,N/A,scripts/build_search_index.py:69,Update search_index.json to support key to array of URLs
CHK_IDX_01,Target URL Collision (Cities),HIGH,cities,kamenica|kamešnica,pages/hr/Koprivničko-Križevačka/kamenica.html,N/A,scripts/build_search_index.py:69,Update search_index.json to support key to array of URLs
CHK_IDX_01,Target URL Collision (Cities),HIGH,cities,čižići|ičići,pages/hr/Primorsko-Goranska/iii.html,N/A,scripts/build_search_index.py:69,Update search_index.json to support key to array of URLs
CHK_IDX_01,Target URL Collision (Cities),HIGH,cities,zbišina|zbičina,pages/hr/Primorsko-Goranska/zbiina.html,N/A,scripts/build_search_index.py:69,Update search_index.json to support key to array of URLs
CHK_IDX_01,Target URL Collision (Cities),HIGH,cities,brezarić|brezari,pages/hr/Zagrebačka/brezari.html,N/A,scripts/build_search_index.py:69,Update search_index.json to support key to array of URLs
CHK_IDX_01,Target URL Collision (Cities),HIGH,cities,petite rivière de l’artibonite|petite-rivière-de-l’artibonite,pages/ht/Artibonite/petite-rivire-de-lartibonite.html,N/A,scripts/build_search_index.py:69,Update search_index.json to support key to array of URLs
CHK_IDX_01,Target URL Collision (Cities),HIGH,cities,ópusztaszer|pusztaszer,pages/hu/Csongrád/pusztaszer.html,N/A,scripts/build_search_index.py:69,Update search_index.json to support key to array of URLs
CHK_IDX_01,Target URL Collision (Cities),HIGH,cities,földeák|óföldeák,pages/hu/Csongrád/fldek.html,N/A,scripts/build_search_index.py:69,Update search_index.json to support key to array of URLs
CHK_IDX_01,Target URL Collision (Cities),HIGH,cities,gyóró|győr,pages/hu/Győr-Moson-Sopron/gyr.html,N/A,scripts/build_search_index.py:69,Update search_index.json to support key to array of URLs
CHK_IDX_01,Target URL Collision (Cities),HIGH,cities,érd|rád,pages/hu/Pest/rd.html,N/A,scripts/build_search_index.py:69,Update search_index.json to support key to array of URLs
CHK_IDX_01,Target URL Collision (Cities),HIGH,cities,meunasah puuk|meunasah pu'uk,pages/id/11/meunasah-puuk.html,N/A,scripts/build_search_index.py:69,Update search_index.json to support key to array of URLs
CHK_IDX_01,Target URL Collision (Cities),HIGH,cities,sibual-buali|sibual buali,pages/id/12/sibual-buali.html,N/A,scripts/build_search_index.py:69,Update search_index.json to support key to array of URLs
CHK_IDX_01,Target URL Collision (Cities),HIGH,cities,sifaoroasi|sifaoro'asi,pages/id/12/sifaoroasi.html,N/A,scripts/build_search_index.py:69,Update search_index.json to support key to array of URLs
CHK_IDX_01,Target URL Collision (Cities),HIGH,cities,sigala-gala|sigala gala,pages/id/12/sigala-gala.html,N/A,scripts/build_search_index.py:69,Update search_index.json to support key to array of URLs
CHK_IDX_01,Target URL Collision (Cities),HIGH,cities,sibio-bio|sibio bio,pages/id/12/sibio-bio.html,N/A,scripts/build_search_index.py:69,Update search_index.json to support key to array of URLs
CHK_IDX_01,Target URL Collision (Cities),HIGH,cities,lumban tonga tonga|lumban tonga-tonga,pages/id/12/lumban-tonga-tonga.html,N/A,scripts/build_search_index.py:69,Update search_index.json to support key to array of URLs
CHK_IDX_01,Target URL Collision (Cities),HIGH,cities,hilisalo'o|hilisaloo,pages/id/12/hilisaloo.html,N/A,scripts/build_search_index.py:69,Update search_index.json to support key to array of URLs
CHK_IDX_01,Target URL Collision (Cities),HIGH,cities,hiliadulo|hili'adulo,pages/id/12/hiliadulo.html,N/A,scripts/build_search_index.py:69,Update search_index.json to support key to array of URLs
CHK_IDX_01,Target URL Collision (Cities),HIGH,cities,oro-oro ombo|oro oro ombo,pages/id/35/oro-oro-ombo.html,N/A,scripts/build_search_index.py:69,Update search_index.json to support key to array of URLs
CHK_IDX_01,Target URL Collision (Cities),HIGH,cities,pa'rasangang beru|parasangang beru,pages/id/73/parasangang-beru.html,N/A,scripts/build_search_index.py:69,Update search_index.json to support key to array of URLs
CHK_IDX_01,Target URL Collision (Cities),HIGH,cities,bonto bontoa|bonto-bontoa,pages/id/73/bonto-bontoa.html,N/A,scripts/build_search_index.py:69,Update search_index.json to support key to array of URLs
CHK_IDX_01,Target URL Collision (Cities),HIGH,cities,toli-toli|toli toli,pages/id/74/toli-toli.html,N/A,scripts/build_search_index.py:69,Update search_index.json to support key to array of URLs
CHK_IDX_01,Target URL Collision (Cities),HIGH,cities,tumbu tumbu jaya|tumbu-tumbu jaya,pages/id/74/tumbu-tumbu-jaya.html,N/A,scripts/build_search_index.py:69,Update search_index.json to support key to array of URLs
CHK_IDX_01,Target URL Collision (Cities),HIGH,cities,soa-sio|soa sio,pages/id/82/soa-sio.html,N/A,scripts/build_search_index.py:69,Update search_index.json to support key to array of URLs
CHK_IDX_01,Target URL Collision (Cities),HIGH,cities,vigano|vigano',pages/it/Lombardia/vigano.html,N/A,scripts/build_search_index.py:69,Update search_index.json to support key to array of URLs
CHK_IDX_01,Target URL Collision (Cities),HIGH,cities,ca' morosini|ca morosini,pages/it/Veneto/ca-morosini.html,N/A,scripts/build_search_index.py:69,Update search_index.json to support key to array of URLs
CHK_IDX_01,Target URL Collision (Cities),HIGH,cities,hondoriminami|hondori(minami),pages/jp/Hokkaido/hondoriminami.html,N/A,scripts/build_search_index.py:69,Update search_index.json to support key to array of URLs
CHK_IDX_01,Target URL Collision (Cities),HIGH,cities,hondori(kita)|hondorikita,pages/jp/Hokkaido/hondorikita.html,N/A,scripts/build_search_index.py:69,Update search_index.json to support key to array of URLs
CHK_IDX_01,Target URL Collision (Cities),HIGH,cities,shigenoko|shigeno(ko),pages/jp/Nagano_Ken/shigenoko.html,N/A,scripts/build_search_index.py:69,Update search_index.json to support key to array of URLs
CHK_IDX_01,Target URL Collision (Cities),HIGH,cities,remešiškių k.|remeikių k.,pages/lt/Alytus_County/remeiki-k.html,N/A,scripts/build_search_index.py:69,Update search_index.json to support key to array of URLs
CHK_IDX_01,Target URL Collision (Cities),HIGH,cities,kairiūkščių k.|kairiškių k.,pages/lt/Kaunas_County/kairiki-k.html,N/A,scripts/build_search_index.py:69,Update search_index.json to support key to array of URLs
CHK_IDX_01,Target URL Collision (Cities),HIGH,cities,ražių k.|raščių k.,pages/lt/Kaunas_County/rai-k.html,N/A,scripts/build_search_index.py:69,Update search_index.json to support key to array of URLs
CHK_IDX_01,Target URL Collision (Cities),HIGH,cities,graužių k.|gražučių k.,pages/lt/Kaunas_County/graui-k.html,N/A,scripts/build_search_index.py:69,Update search_index.json to support key to array of URLs
CHK_IDX_01,Target URL Collision (Cities),HIGH,cities,gaižūnų k.|gaižėnų k.,pages/lt/Kaunas_County/gain-k.html,N/A,scripts/build_search_index.py:69,Update search_index.json to support key to array of URLs
CHK_IDX_01,Target URL Collision (Cities),HIGH,cities,lašų k.|šlažų k.,pages/lt/Klaipėda_County/la-k.html,N/A,scripts/build_search_index.py:69,Update search_index.json to support key to array of URLs
CHK_IDX_01,Target URL Collision (Cities),HIGH,cities,paičių k.|pėžaičių k.,pages/lt/Klaipėda_County/paii-k.html,N/A,scripts/build_search_index.py:69,Update search_index.json to support key to array of URLs
CHK_IDX_01,Target URL Collision (Cities),HIGH,cities,sb „vyturys“|sb „švyturys“,pages/lt/Klaipėda_County/sb-vyturys.html,N/A,scripts/build_search_index.py:69,Update search_index.json to support key to array of URLs
CHK_IDX_01,Target URL Collision (Cities),HIGH,cities,kušlikių k.|kušliškių k.,pages/lt/Marijampolė_County/kuliki-k.html,N/A,scripts/build_search_index.py:69,Update search_index.json to support key to array of URLs
CHK_IDX_01,Target URL Collision (Cities),HIGH,cities,milčiškių k.|miliškių k.,pages/lt/Marijampolė_County/miliki-k.html,N/A,scripts/build_search_index.py:69,Update search_index.json to support key to array of URLs
CHK_IDX_01,Target URL Collision (Cities),HIGH,cities,kirkėnų k.|kirkūnų k.,pages/lt/Panevėžys/kirkn-k.html,N/A,scripts/build_search_index.py:69,Update search_index.json to support key to array of URLs
CHK_IDX_01,Target URL Collision (Cities),HIGH,cities,grąžčių k.|grūžių k.,pages/lt/Panevėžys/gri-k.html,N/A,scripts/build_search_index.py:69,Update search_index.json to support key to array of URLs
CHK_IDX_01,Target URL Collision (Cities),HIGH,cities,velžių k.|vėželių k.,pages/lt/Panevėžys/veli-k.html,N/A,scripts/build_search_index.py:69,Update search_index.json to support key to array of URLs
CHK_IDX_01,Target URL Collision (Cities),HIGH,cities,gineičių k.|gineišių k.,pages/lt/Panevėžys/gineii-k.html,N/A,scripts/build_search_index.py:69,Update search_index.json to support key to array of URLs
CHK_IDX_01,Target URL Collision (Cities),HIGH,cities,paberžėlių k.|paberlių k.,pages/lt/Panevėžys/paberli-k.html,N/A,scripts/build_search_index.py:69,Update search_index.json to support key to array of URLs
CHK_IDX_01,Target URL Collision (Cities),HIGH,cities,miškonių k.|mikonių k.,pages/lt/Panevėžys/mikoni-k.html,N/A,scripts/build_search_index.py:69,Update search_index.json to support key to array of URLs
CHK_IDX_01,Target URL Collision (Cities),HIGH,cities,daukšėnų k.|daučkėnų k.,pages/lt/Panevėžys/daukn-k.html,N/A,scripts/build_search_index.py:69,Update search_index.json to support key to array of URLs
CHK_IDX_01,Target URL Collision (Cities),HIGH,cities,ruškelių k.|rukelių k.,pages/lt/Panevėžys/rukeli-k.html,N/A,scripts/build_search_index.py:69,Update search_index.json to support key to array of URLs
CHK_IDX_01,Target URL Collision (Cities),HIGH,cities,želniškių k.|elniškių k.,pages/lt/Panevėžys/elniki-k.html,N/A,scripts/build_search_index.py:69,Update search_index.json to support key to array of URLs
CHK_IDX_01,Target URL Collision (Cities),HIGH,cities,pužiškių k.|puikių k.,pages/lt/Tauragė_County/puiki-k.html,N/A,scripts/build_search_index.py:69,Update search_index.json to support key to array of URLs
CHK_IDX_01,Target URL Collision (Cities),HIGH,cities,rėžių k.|rūčių k.,pages/lt/Tauragė_County/ri-k.html,N/A,scripts/build_search_index.py:69,Update search_index.json to support key to array of URLs
CHK_IDX_01,Target URL Collision (Cities),HIGH,cities,kušlėnų k.|kulšėnų k.,pages/lt/Telšių_apskritis/kuln-k.html,N/A,scripts/build_search_index.py:69,Update search_index.json to support key to array of URLs
CHK_IDX_01,Target URL Collision (Cities),HIGH,cities,paąžuolių k.|pauolių k.,pages/lt/Utena_County/pauoli-k.html,N/A,scripts/build_search_index.py:69,Update search_index.json to support key to array of URLs
CHK_IDX_01,Target URL Collision (Cities),HIGH,cities,juodikės k.|juodiškės k.,pages/lt/Utena_County/juodiks-k.html,N/A,scripts/build_search_index.py:69,Update search_index.json to support key to array of URLs
CHK_IDX_01,Target URL Collision (Cities),HIGH,cities,bikūnų k.|bikėnų k.,pages/lt/Utena_County/bikn-k.html,N/A,scripts/build_search_index.py:69,Update search_index.json to support key to array of URLs
CHK_IDX_01,Target URL Collision (Cities),HIGH,cities,skrebulių k|skrebulių k.,pages/lt/Utena_County/skrebuli-k.html,N/A,scripts/build_search_index.py:69,Update search_index.json to support key to array of URLs
CHK_IDX_01,Target URL Collision (Cities),HIGH,cities,kuriškių k.|kuršiškių k.,pages/lt/Utena_County/kuriki-k.html,N/A,scripts/build_search_index.py:69,Update search_index.json to support key to array of URLs
CHK_IDX_01,Target URL Collision (Cities),HIGH,cities,liobiškio k.|žliobiškio k.,pages/lt/Utena_County/liobikio-k.html,N/A,scripts/build_search_index.py:69,Update search_index.json to support key to array of URLs
CHK_IDX_01,Target URL Collision (Cities),HIGH,cities,jačiūnų k.|jašiūnų k.,pages/lt/Vilniaus_apskritis/jain-k.html,N/A,scripts/build_search_index.py:69,Update search_index.json to support key to array of URLs
CHK_IDX_01,Target URL Collision (Cities),HIGH,cities,poškiškių k.|pokiškių k.,pages/lt/Vilniaus_apskritis/pokiki-k.html,N/A,scripts/build_search_index.py:69,Update search_index.json to support key to array of URLs
CHK_IDX_01,Target URL Collision (Cities),HIGH,cities,barakų k.|baraškų k.,pages/lt/Vilniaus_apskritis/barak-k.html,N/A,scripts/build_search_index.py:69,Update search_index.json to support key to array of URLs
CHK_IDX_01,Target URL Collision (Cities),HIGH,cities,sb „komprojektas “|sb „komprojektas“,pages/lt/Vilniaus_apskritis/sb-komprojektas.html,N/A,scripts/build_search_index.py:69,Update search_index.json to support key to array of URLs
CHK_IDX_01,Target URL Collision (Cities),HIGH,cities,ružiškių k.|rušiškių k.,pages/lt/Vilniaus_apskritis/ruiki-k.html,N/A,scripts/build_search_index.py:69,Update search_index.json to support key to array of URLs
CHK_IDX_01,Target URL Collision (Cities),HIGH,cities,lamaninos k|lamaninos k.,pages/lt/Vilniaus_apskritis/lamaninos-k.html,N/A,scripts/build_search_index.py:69,Update search_index.json to support key to array of URLs
CHK_IDX_01,Target URL Collision (Cities),HIGH,cities,rakonių k.|rakšonių k.,pages/lt/Vilniaus_apskritis/rakoni-k.html,N/A,scripts/build_search_index.py:69,Update search_index.json to support key to array of URLs
CHK_IDX_01,Target URL Collision (Cities),HIGH,cities,diržonių k.|diršonių k.,pages/lt/Vilniaus_apskritis/dironi-k.html,N/A,scripts/build_search_index.py:69,Update search_index.json to support key to array of URLs
CHK_IDX_01,Target URL Collision (Cities),HIGH,cities,tolučių k.|tolušių k.,pages/lt/Vilniaus_apskritis/tolui-k.html,N/A,scripts/build_search_index.py:69,Update search_index.json to support key to array of URLs
CHK_IDX_01,Target URL Collision (Cities),HIGH,cities,minikių k.|minčiškių k.,pages/lt/Vilniaus_apskritis/miniki-k.html,N/A,scripts/build_search_index.py:69,Update search_index.json to support key to array of URLs
CHK_IDX_01,Target URL Collision (Cities),HIGH,cities,žarėnų k.|šarūnų k.,pages/lt/Šiauliai_County/arn-k.html,N/A,scripts/build_search_index.py:69,Update search_index.json to support key to array of URLs
CHK_IDX_01,Target URL Collision (Cities),HIGH,cities,šniūraičių k.|niūraičių k.,pages/lt/Šiauliai_County/niraii-k.html,N/A,scripts/build_search_index.py:69,Update search_index.json to support key to array of URLs
CHK_IDX_01,Target URL Collision (Cities),HIGH,cities,pašimšės k.|pažižmės k.,pages/lt/Šiauliai_County/paims-k.html,N/A,scripts/build_search_index.py:69,Update search_index.json to support key to array of URLs
CHK_IDX_01,Target URL Collision (Cities),HIGH,cities,švendrės k.|vendrės k.,pages/lt/Šiauliai_County/vendrs-k.html,N/A,scripts/build_search_index.py:69,Update search_index.json to support key to array of URLs
CHK_IDX_01,Target URL Collision (Cities),HIGH,cities,liupšių k.|šliupščių k.,pages/lt/Šiauliai_County/liupi-k.html,N/A,scripts/build_search_index.py:69,Update search_index.json to support key to array of URLs
CHK_IDX_01,Target URL Collision (Cities),HIGH,cities,minaičių k.|minčaičių k.,pages/lt/Šiauliai_County/minaii-k.html,N/A,scripts/build_search_index.py:69,Update search_index.json to support key to array of URLs
CHK_IDX_01,Target URL Collision (Cities),HIGH,cities,uļiki|ļuļiški,pages/lv/Augšdaugavas_nov./uiki.html,N/A,scripts/build_search_index.py:69,Update search_index.json to support key to array of URLs
CHK_IDX_01,Target URL Collision (Cities),HIGH,cities,svičova|sviļova,pages/lv/Balvu_nov./sviova.html,N/A,scripts/build_search_index.py:69,Update search_index.json to support key to array of URLs
CHK_IDX_01,Target URL Collision (Cities),HIGH,cities,rāva|rīva,pages/lv/Dienvidkurzemes_nov./rva.html,N/A,scripts/build_search_index.py:69,Update search_index.json to support key to array of URLs
CHK_IDX_01,Target URL Collision (Cities),HIGH,cities,noviki|novički,pages/lv/Krāslavas_nov./noviki.html,N/A,scripts/build_search_index.py:69,Update search_index.json to support key to array of URLs
CHK_IDX_01,Target URL Collision (Cities),HIGH,cities,skriņi|skriči,pages/lv/Ludzas_nov./skrii.html,N/A,scripts/build_search_index.py:69,Update search_index.json to support key to array of URLs
CHK_IDX_01,Target URL Collision (Cities),HIGH,cities,jačmenišče|jašmenišče,pages/lv/Ludzas_nov./jamenie.html,N/A,scripts/build_search_index.py:69,Update search_index.json to support key to array of URLs
CHK_IDX_01,Target URL Collision (Cities),HIGH,cities,troški|trokši,pages/lv/Ludzas_nov./troki.html,N/A,scripts/build_search_index.py:69,Update search_index.json to support key to array of URLs
CHK_IDX_01,Target URL Collision (Cities),HIGH,cities,kaļvīši|kaļvi,pages/lv/Ludzas_nov./kavi.html,N/A,scripts/build_search_index.py:69,Update search_index.json to support key to array of URLs
CHK_IDX_01,Target URL Collision (Cities),HIGH,cities,kozuļņi|kozuļi,pages/lv/Preiļu_nov./kozui.html,N/A,scripts/build_search_index.py:69,Update search_index.json to support key to array of URLs
CHK_IDX_01,Target URL Collision (Cities),HIGH,cities,deičmaņi|deimaņi,pages/lv/Rēzeknes_nov./deimai.html,N/A,scripts/build_search_index.py:69,Update search_index.json to support key to array of URLs
CHK_IDX_01,Target URL Collision (Cities),HIGH,cities,pinki|piļnīki,pages/lv/Rēzeknes_nov./pinki.html,N/A,scripts/build_search_index.py:69,Update search_index.json to support key to array of URLs
CHK_IDX_01,Target URL Collision (Cities),HIGH,cities,gámez|gómez,pages/mx/Aguascalientes/gmez.html,N/A,scripts/build_search_index.py:69,Update search_index.json to support key to array of URLs
CHK_IDX_01,Target URL Collision (Cities),HIGH,cities,ah kim pech|ah-kim-pech,pages/mx/Campeche/ah-kim-pech.html,N/A,scripts/build_search_index.py:69,Update search_index.json to support key to array of URLs
CHK_IDX_01,Target URL Collision (Cities),HIGH,cities,tec de monterrey|tec. de monterrey,pages/mx/Chihuahua/tec-de-monterrey.html,N/A,scripts/build_search_index.py:69,Update search_index.json to support key to array of URLs
CHK_IDX_01,Target URL Collision (Cities),HIGH,cities,nazario s. ortiz garza|nazario s ortiz garza,pages/mx/Coahuila_de_Zaragoza/nazario-s-ortiz-garza.html,N/A,scripts/build_search_index.py:69,Update search_index.json to support key to array of URLs
CHK_IDX_01,Target URL Collision (Cities),HIGH,cities,ex-hacienda coapa|ex hacienda coapa,pages/mx/Distrito_Federal/ex-hacienda-coapa.html,N/A,scripts/build_search_index.py:69,Update search_index.json to support key to array of URLs
CHK_IDX_01,Target URL Collision (Cities),HIGH,cities,zacatecas chalchihuitillo|zacatecas (chalchihuitillo),pages/mx/Durango/zacatecas-chalchihuitillo.html,N/A,scripts/build_search_index.py:69,Update search_index.json to support key to array of URLs
CHK_IDX_01,Target URL Collision (Cities),HIGH,cities,p.r.d.|prd,pages/mx/Guerrero/prd.html,N/A,scripts/build_search_index.py:69,Update search_index.json to support key to array of URLs
CHK_IDX_01,Target URL Collision (Cities),HIGH,cities,el huamúchil|el huaméchil,pages/mx/Guerrero/el-huamchil.html,N/A,scripts/build_search_index.py:69,Update search_index.json to support key to array of URLs
CHK_IDX_01,Target URL Collision (Cities),HIGH,cities,boñhé|boñhú,pages/mx/Hidalgo/boh.html,N/A,scripts/build_search_index.py:69,Update search_index.json to support key to array of URLs
CHK_IDX_01,Target URL Collision (Cities),HIGH,cities,emilio m. gonzález|emilio m gonzález,pages/mx/Nayarit/emilio-m-gonzlez.html,N/A,scripts/build_search_index.py:69,Update search_index.json to support key to array of URLs
CHK_IDX_01,Target URL Collision (Cities),HIGH,cities,eduardo a. elizondo|eduardo a elizondo,pages/mx/Nuevo_León/eduardo-a-elizondo.html,N/A,scripts/build_search_index.py:69,Update search_index.json to support key to array of URLs
CHK_IDX_01,Target URL Collision (Cities),HIGH,cities,hermenegildo j. aldana|hermenegildo j aldana,pages/mx/San_Luis_Potosí/hermenegildo-j-aldana.html,N/A,scripts/build_search_index.py:69,Update search_index.json to support key to array of URLs
CHK_IDX_01,Target URL Collision (Cities),HIGH,cities,paso de jesés|paso de jesús,pages/mx/San_Luis_Potosí/paso-de-jess.html,N/A,scripts/build_search_index.py:69,Update search_index.json to support key to array of URLs
CHK_IDX_01,Target URL Collision (Cities),HIGH,cities,alfonso g calderón|alfonso g. calderón,pages/mx/Sinaloa/alfonso-g-caldern.html,N/A,scripts/build_search_index.py:69,Update search_index.json to support key to array of URLs
CHK_IDX_01,Target URL Collision (Cities),HIGH,cities,juan s. millán|juan s millán,pages/mx/Sinaloa/juan-s-milln.html,N/A,scripts/build_search_index.py:69,Update search_index.json to support key to array of URLs
CHK_IDX_01,Target URL Collision (Cities),HIGH,cities,francisco r. serrano|francisco r serrano,pages/mx/Sinaloa/francisco-r-serrano.html,N/A,scripts/build_search_index.py:69,Update search_index.json to support key to array of URLs
CHK_IDX_01,Target URL Collision (Cities),HIGH,cities,ejido etchojoa némero uno|ejido etchojoa número uno,pages/mx/Sonora/ejido-etchojoa-nmero-uno.html,N/A,scripts/build_search_index.py:69,Update search_index.json to support key to array of URLs
CHK_IDX_01,Target URL Collision (Cities),HIGH,cities,el cémaro|el cúmaro,pages/mx/Sonora/el-cmaro.html,N/A,scripts/build_search_index.py:69,Update search_index.json to support key to array of URLs
CHK_IDX_01,Target URL Collision (Cities),HIGH,cities,pedro c colorado|pedro c. colorado,pages/mx/Tabasco/pedro-c-colorado.html,N/A,scripts/build_search_index.py:69,Update search_index.json to support key to array of URLs
CHK_IDX_01,Target URL Collision (Cities),HIGH,cities,kerk avezaath|kerk-avezaath,pages/nl/Guelders/kerk-avezaath.html,N/A,scripts/build_search_index.py:69,Update search_index.json to support key to array of URLs
CHK_IDX_01,Target URL Collision (Cities),HIGH,cities,kapel-avezaath|kapel avezaath,pages/nl/Guelders/kapel-avezaath.html,N/A,scripts/build_search_index.py:69,Update search_index.json to support key to array of URLs
CHK_IDX_01,Target URL Collision (Cities),HIGH,cities,lesund|ålesund,pages/no/Møre_og_Romsdal/lesund.html,N/A,scripts/build_search_index.py:69,Update search_index.json to support key to array of URLs
CHK_IDX_01,Target URL Collision (Cities),HIGH,cities,huambacho nueva (la huaca)|huambacho nueva la huaca,pages/pe/Ancash/huambacho-nueva-la-huaca.html,N/A,scripts/build_search_index.py:69,Update search_index.json to support key to array of URLs
CHK_IDX_01,Target URL Collision (Cities),HIGH,cities,unyash|ñunyash,pages/pe/Ancash/unyash.html,N/A,scripts/build_search_index.py:69,Update search_index.json to support key to array of URLs
CHK_IDX_01,Target URL Collision (Cities),HIGH,cities,chiuan|chiñuan,pages/pe/Ancash/chiuan.html,N/A,scripts/build_search_index.py:69,Update search_index.json to support key to array of URLs
CHK_IDX_01,Target URL Collision (Cities),HIGH,cities,pichu|p'ichu,pages/pe/Arequipa/pichu.html,N/A,scripts/build_search_index.py:69,Update search_index.json to support key to array of URLs
CHK_IDX_01,Target URL Collision (Cities),HIGH,cities,tolatera|t'olatera,pages/pe/Arequipa/tolatera.html,N/A,scripts/build_search_index.py:69,Update search_index.json to support key to array of URLs
CHK_IDX_01,Target URL Collision (Cities),HIGH,cities,paltarumiyoc|p'altarumiyoc,pages/pe/Cuzco/paltarumiyoc.html,N/A,scripts/build_search_index.py:69,Update search_index.json to support key to array of URLs
CHK_IDX_01,Target URL Collision (Cities),HIGH,cities,occotira|occ'otira,pages/pe/Puno/occotira.html,N/A,scripts/build_search_index.py:69,Update search_index.json to support key to array of URLs
CHK_IDX_01,Target URL Collision (Cities),HIGH,cities,kawczyn|kawęczyn,pages/pl/Greater_Poland/kawczyn.html,N/A,scripts/build_search_index.py:69,Update search_index.json to support key to array of URLs
CHK_IDX_01,Target URL Collision (Cities),HIGH,cities,płaczkowo|paczkowo,pages/pl/Greater_Poland/paczkowo.html,N/A,scripts/build_search_index.py:69,Update search_index.json to support key to array of URLs
CHK_IDX_01,Target URL Collision (Cities),HIGH,cities,łońsko|łoskoń,pages/pl/Greater_Poland/osko.html,N/A,scripts/build_search_index.py:69,Update search_index.json to support key to array of URLs
CHK_IDX_01,Target URL Collision (Cities),HIGH,cities,radowo|radłowo,pages/pl/Greater_Poland/radowo.html,N/A,scripts/build_search_index.py:69,Update search_index.json to support key to array of URLs
CHK_IDX_01,Target URL Collision (Cities),HIGH,cities,łężek|łążek,pages/pl/Greater_Poland/ek.html,N/A,scripts/build_search_index.py:69,Update search_index.json to support key to array of URLs
CHK_IDX_01,Target URL Collision (Cities),HIGH,cities,miłkowo|miękowo,pages/pl/Greater_Poland/mikowo.html,N/A,scripts/build_search_index.py:69,Update search_index.json to support key to array of URLs
CHK_IDX_01,Target URL Collision (Cities),HIGH,cities,łężno|noć,pages/pl/Greater_Poland/no.html,N/A,scripts/build_search_index.py:69,Update search_index.json to support key to array of URLs
CHK_IDX_01,Target URL Collision (Cities),HIGH,cities,łosiniec|osiniec,pages/pl/Greater_Poland/osiniec.html,N/A,scripts/build_search_index.py:69,Update search_index.json to support key to array of URLs
CHK_IDX_01,Target URL Collision (Cities),HIGH,cities,brześnica|brzeźnica,pages/pl/Greater_Poland/brzenica.html,N/A,scripts/build_search_index.py:69,Update search_index.json to support key to array of URLs
CHK_IDX_01,Target URL Collision (Cities),HIGH,cities,winna|świnna,pages/pl/Greater_Poland/winna.html,N/A,scripts/build_search_index.py:69,Update search_index.json to support key to array of URLs
CHK_IDX_01,Target URL Collision (Cities),HIGH,cities,szlachęcin|szlachcin,pages/pl/Greater_Poland/szlachcin.html,N/A,scripts/build_search_index.py:69,Update search_index.json to support key to array of URLs
CHK_IDX_01,Target URL Collision (Cities),HIGH,cities,łukowo|żukowo,pages/pl/Greater_Poland/ukowo.html,N/A,scripts/build_search_index.py:69,Update search_index.json to support key to array of URLs
CHK_IDX_01,Target URL Collision (Cities),HIGH,cities,świniary|winiary,pages/pl/Greater_Poland/winiary.html,N/A,scripts/build_search_index.py:69,Update search_index.json to support key to array of URLs
CHK_IDX_01,Target URL Collision (Cities),HIGH,cities,poświętno|poświątno,pages/pl/Greater_Poland/powitno.html,N/A,scripts/build_search_index.py:69,Update search_index.json to support key to array of URLs
CHK_IDX_01,Target URL Collision (Cities),HIGH,cities,suchoręczek|suchorączek,pages/pl/Kujawsko-Pomorskie/suchorczek.html,N/A,scripts/build_search_index.py:69,Update search_index.json to support key to array of URLs
CHK_IDX_01,Target URL Collision (Cities),HIGH,cities,bartkowa posadowa|bartkowa-posadowa,pages/pl/Lesser_Poland/bartkowa-posadowa.html,N/A,scripts/build_search_index.py:69,Update search_index.json to support key to array of URLs
CHK_IDX_01,Target URL Collision (Cities),HIGH,cities,roztoka-brzeziny|roztoka brzeziny,pages/pl/Lesser_Poland/roztoka-brzeziny.html,N/A,scripts/build_search_index.py:69,Update search_index.json to support key to array of URLs
CHK_IDX_01,Target URL Collision (Cities),HIGH,cities,cikowice|ciężkowice,pages/pl/Lesser_Poland/cikowice.html,N/A,scripts/build_search_index.py:69,Update search_index.json to support key to array of URLs
CHK_IDX_01,Target URL Collision (Cities),HIGH,cities,podole górowa|podole-górowa,pages/pl/Lesser_Poland/podole-growa.html,N/A,scripts/build_search_index.py:69,Update search_index.json to support key to array of URLs
CHK_IDX_01,Target URL Collision (Cities),HIGH,cities,głobice|gołębice,pages/pl/Lower_Silesia/gobice.html,N/A,scripts/build_search_index.py:69,Update search_index.json to support key to array of URLs
CHK_IDX_01,Target URL Collision (Cities),HIGH,cities,rakłowice|rakowice,pages/pl/Lower_Silesia/rakowice.html,N/A,scripts/build_search_index.py:69,Update search_index.json to support key to array of URLs
CHK_IDX_01,Target URL Collision (Cities),HIGH,cities,ślubów|lubów,pages/pl/Lower_Silesia/lubw.html,N/A,scripts/build_search_index.py:69,Update search_index.json to support key to array of URLs
CHK_IDX_01,Target URL Collision (Cities),HIGH,cities,karłów|karów,pages/pl/Lower_Silesia/karw.html,N/A,scripts/build_search_index.py:69,Update search_index.json to support key to array of URLs
CHK_IDX_01,Target URL Collision (Cities),HIGH,cities,małkowice|makowice,pages/pl/Lower_Silesia/makowice.html,N/A,scripts/build_search_index.py:69,Update search_index.json to support key to array of URLs
CHK_IDX_01,Target URL Collision (Cities),HIGH,cities,brześce|brzeźce,pages/pl/Lublin/brzece.html,N/A,scripts/build_search_index.py:69,Update search_index.json to support key to array of URLs
CHK_IDX_01,Target URL Collision (Cities),HIGH,cities,suchowola kolonia|suchowola-kolonia,pages/pl/Lublin/suchowola-kolonia.html,N/A,scripts/build_search_index.py:69,Update search_index.json to support key to array of URLs
CHK_IDX_01,Target URL Collision (Cities),HIGH,cities,czółna|łęczna,pages/pl/Lublin/czna.html,N/A,scripts/build_search_index.py:69,Update search_index.json to support key to array of URLs
CHK_IDX_01,Target URL Collision (Cities),HIGH,cities,ryżki|ryki,pages/pl/Lublin/ryki.html,N/A,scripts/build_search_index.py:69,Update search_index.json to support key to array of URLs
CHK_IDX_01,Target URL Collision (Cities),HIGH,cities,drężewo|drążewo,pages/pl/Mazovia/drewo.html,N/A,scripts/build_search_index.py:69,Update search_index.json to support key to array of URLs
CHK_IDX_01,Target URL Collision (Cities),HIGH,cities,płósy|pęsy,pages/pl/Mazovia/psy.html,N/A,scripts/build_search_index.py:69,Update search_index.json to support key to array of URLs
CHK_IDX_01,Target URL Collision (Cities),HIGH,cities,płatków|patków,pages/pl/Mazovia/patkw.html,N/A,scripts/build_search_index.py:69,Update search_index.json to support key to array of URLs
CHK_IDX_01,Target URL Collision (Cities),HIGH,cities,wólka łukowska|wólka żukowska,pages/pl/Mazovia/wlka-ukowska.html,N/A,scripts/build_search_index.py:69,Update search_index.json to support key to array of URLs
CHK_IDX_01,Target URL Collision (Cities),HIGH,cities,soćki|sołki,pages/pl/Mazovia/soki.html,N/A,scripts/build_search_index.py:69,Update search_index.json to support key to array of URLs
CHK_IDX_01,Target URL Collision (Cities),HIGH,cities,obręb|obrąb,pages/pl/Mazovia/obrb.html,N/A,scripts/build_search_index.py:69,Update search_index.json to support key to array of URLs
CHK_IDX_01,Target URL Collision (Cities),HIGH,cities,niegocin|śniegocin,pages/pl/Mazovia/niegocin.html,N/A,scripts/build_search_index.py:69,Update search_index.json to support key to array of URLs
CHK_IDX_01,Target URL Collision (Cities),HIGH,cities,żółtowo|łętowo,pages/pl/Mazovia/towo.html,N/A,scripts/build_search_index.py:69,Update search_index.json to support key to array of URLs
CHK_IDX_01,Target URL Collision (Cities),HIGH,cities,chełchy|chechły,pages/pl/Mazovia/chechy.html,N/A,scripts/build_search_index.py:69,Update search_index.json to support key to array of URLs
CHK_IDX_01,Target URL Collision (Cities),HIGH,cities,waśki|wałki,pages/pl/Podlasie/waki.html,N/A,scripts/build_search_index.py:69,Update search_index.json to support key to array of URLs
CHK_IDX_01,Target URL Collision (Cities),HIGH,cities,wiżgóry|wigry,pages/pl/Podlasie/wigry.html,N/A,scripts/build_search_index.py:69,Update search_index.json to support key to array of URLs
CHK_IDX_01,Target URL Collision (Cities),HIGH,cities,jaki|jaśki,pages/pl/Podlasie/jaki.html,N/A,scripts/build_search_index.py:69,Update search_index.json to support key to array of URLs
CHK_IDX_01,Target URL Collision (Cities),HIGH,cities,kotły|koty,pages/pl/Podlasie/koty.html,N/A,scripts/build_search_index.py:69,Update search_index.json to support key to array of URLs
CHK_IDX_01,Target URL Collision (Cities),HIGH,cities,roszki-włodki|roszki-wodźki,pages/pl/Podlasie/roszki-wodki.html,N/A,scripts/build_search_index.py:69,Update search_index.json to support key to array of URLs
CHK_IDX_01,Target URL Collision (Cities),HIGH,cities,płaczewo|paczewo,pages/pl/Pomerania/paczewo.html,N/A,scripts/build_search_index.py:69,Update search_index.json to support key to array of URLs
CHK_IDX_01,Target URL Collision (Cities),HIGH,cities,święchowo|świchowo,pages/pl/Pomerania/wichowo.html,N/A,scripts/build_search_index.py:69,Update search_index.json to support key to array of URLs
CHK_IDX_01,Target URL Collision (Cities),HIGH,cities,połczyno|połęczyno,pages/pl/Pomerania/poczyno.html,N/A,scripts/build_search_index.py:69,Update search_index.json to support key to array of URLs
CHK_IDX_01,Target URL Collision (Cities),HIGH,cities,sątoczno|stołczno,pages/pl/Pomerania/stoczno.html,N/A,scripts/build_search_index.py:69,Update search_index.json to support key to array of URLs
CHK_IDX_01,Target URL Collision (Cities),HIGH,cities,wieszyno|świeszyno,pages/pl/Pomerania/wieszyno.html,N/A,scripts/build_search_index.py:69,Update search_index.json to support key to array of URLs
CHK_IDX_01,Target URL Collision (Cities),HIGH,cities,zęblewo|zblewo,pages/pl/Pomerania/zblewo.html,N/A,scripts/build_search_index.py:69,Update search_index.json to support key to array of URLs
CHK_IDX_01,Target URL Collision (Cities),HIGH,cities,częstkowo|cząstkowo,pages/pl/Pomerania/czstkowo.html,N/A,scripts/build_search_index.py:69,Update search_index.json to support key to array of URLs
CHK_IDX_01,Target URL Collision (Cities),HIGH,cities,kosy|kłosy,pages/pl/Pomerania/kosy.html,N/A,scripts/build_search_index.py:69,Update search_index.json to support key to array of URLs
CHK_IDX_01,Target URL Collision (Cities),HIGH,cities,gościęcino|gościcino,pages/pl/Pomerania/gocicino.html,N/A,scripts/build_search_index.py:69,Update search_index.json to support key to array of URLs
CHK_IDX_01,Target URL Collision (Cities),HIGH,cities,leśno|leźno,pages/pl/Pomerania/leno.html,N/A,scripts/build_search_index.py:69,Update search_index.json to support key to array of URLs
CHK_IDX_01,Target URL Collision (Cities),HIGH,cities,śliwa|liwa,pages/pl/Warmia-Masuria/liwa.html,N/A,scripts/build_search_index.py:69,Update search_index.json to support key to array of URLs
CHK_IDX_01,Target URL Collision (Cities),HIGH,cities,bartężek|bartążek,pages/pl/Warmia-Masuria/bartek.html,N/A,scripts/build_search_index.py:69,Update search_index.json to support key to array of URLs
CHK_IDX_01,Target URL Collision (Cities),HIGH,cities,ględy|glądy,pages/pl/Warmia-Masuria/gldy.html,N/A,scripts/build_search_index.py:69,Update search_index.json to support key to array of URLs
CHK_IDX_01,Target URL Collision (Cities),HIGH,cities,maćki|mańki,pages/pl/Warmia-Masuria/maki.html,N/A,scripts/build_search_index.py:69,Update search_index.json to support key to array of URLs
CHK_IDX_01,Target URL Collision (Cities),HIGH,cities,słępy|sąpy,pages/pl/Warmia-Masuria/spy.html,N/A,scripts/build_search_index.py:69,Update search_index.json to support key to array of URLs
CHK_IDX_01,Target URL Collision (Cities),HIGH,cities,grzegórzki|grzegrzółki,pages/pl/Warmia-Masuria/grzegrzki.html,N/A,scripts/build_search_index.py:69,Update search_index.json to support key to array of URLs
CHK_IDX_01,Target URL Collision (Cities),HIGH,cities,łękajny|kajny,pages/pl/Warmia-Masuria/kajny.html,N/A,scripts/build_search_index.py:69,Update search_index.json to support key to array of URLs
CHK_IDX_01,Target URL Collision (Cities),HIGH,cities,łoźnica|łośnica,pages/pl/West_Pomerania/onica.html,N/A,scripts/build_search_index.py:69,Update search_index.json to support key to array of URLs
CHK_IDX_01,Target URL Collision (Cities),HIGH,cities,słonino|sonino,pages/pl/West_Pomerania/sonino.html,N/A,scripts/build_search_index.py:69,Update search_index.json to support key to array of URLs
CHK_IDX_01,Target URL Collision (Cities),HIGH,cities,kłośnik|kośnik,pages/pl/West_Pomerania/konik.html,N/A,scripts/build_search_index.py:69,Update search_index.json to support key to array of URLs
CHK_IDX_01,Target URL Collision (Cities),HIGH,cities,karcino|karścino,pages/pl/West_Pomerania/karcino.html,N/A,scripts/build_search_index.py:69,Update search_index.json to support key to array of URLs
CHK_IDX_01,Target URL Collision (Cities),HIGH,cities,sowinko|słowinko,pages/pl/West_Pomerania/sowinko.html,N/A,scripts/build_search_index.py:69,Update search_index.json to support key to array of URLs
CHK_IDX_01,Target URL Collision (Cities),HIGH,cities,kopy|kopyść,pages/pl/Łódź_Voivodeship/kopy.html,N/A,scripts/build_search_index.py:69,Update search_index.json to support key to array of URLs
CHK_IDX_01,Target URL Collision (Cities),HIGH,cities,łążki|łężki,pages/pl/Łódź_Voivodeship/ki.html,N/A,scripts/build_search_index.py:69,Update search_index.json to support key to array of URLs
CHK_IDX_01,Target URL Collision (Cities),HIGH,cities,motkowice|młotkowice,pages/pl/Świętokrzyskie/motkowice.html,N/A,scripts/build_search_index.py:69,Update search_index.json to support key to array of URLs
CHK_IDX_01,Target URL Collision (Cities),HIGH,cities,węglów|wąglów,pages/pl/Świętokrzyskie/wglw.html,N/A,scripts/build_search_index.py:69,Update search_index.json to support key to array of URLs
CHK_IDX_01,Target URL Collision (Cities),HIGH,cities,ślęcin|lścin,pages/pl/Świętokrzyskie/lcin.html,N/A,scripts/build_search_index.py:69,Update search_index.json to support key to array of URLs
CHK_IDX_01,Target URL Collision (Cities),HIGH,cities,gondarém|gondarêm,pages/pt/Braga/gondarm.html,N/A,scripts/build_search_index.py:69,Update search_index.json to support key to array of URLs
CHK_IDX_01,Target URL Collision (Cities),HIGH,cities,vilar douro|vilar d'ouro,pages/pt/Bragança/vilar-douro.html,N/A,scripts/build_search_index.py:69,Update search_index.json to support key to array of URLs
CHK_IDX_01,Target URL Collision (Cities),HIGH,cities,serra d'el rei|serra del rei,pages/pt/Leiria/serra-del-rei.html,N/A,scripts/build_search_index.py:69,Update search_index.json to support key to array of URLs
CHK_IDX_01,Target URL Collision (Cities),HIGH,cities,granho|graínho,pages/pt/Santarém/granho.html,N/A,scripts/build_search_index.py:69,Update search_index.json to support key to array of URLs
CHK_IDX_01,Target URL Collision (Cities),HIGH,cities,paço velho|paço-velho,pages/pt/Viana_do_Castelo/pao-velho.html,N/A,scripts/build_search_index.py:69,Update search_index.json to support key to array of URLs
CHK_IDX_01,Target URL Collision (Cities),HIGH,cities,cotães|cotões,pages/pt/Viseu/cotes.html,N/A,scripts/build_search_index.py:69,Update search_index.json to support key to array of URLs
CHK_IDX_01,Target URL Collision (Cities),HIGH,cities,bârdeşti|brădeşti,pages/ro/Alba/brdeti.html,N/A,scripts/build_search_index.py:69,Update search_index.json to support key to array of URLs
CHK_IDX_01,Target URL Collision (Cities),HIGH,cities,pătruşeşti|pătruţeşti,pages/ro/Alba/ptrueti.html,N/A,scripts/build_search_index.py:69,Update search_index.json to support key to array of URLs
CHK_IDX_01,Target URL Collision (Cities),HIGH,cities,tomuţeşti|tomuşeşti,pages/ro/Alba/tomueti.html,N/A,scripts/build_search_index.py:69,Update search_index.json to support key to array of URLs
CHK_IDX_01,Target URL Collision (Cities),HIGH,cities,şieuţ|şieu,pages/ro/Bistriţa-Năsăud/ieu.html,N/A,scripts/build_search_index.py:69,Update search_index.json to support key to array of URLs
CHK_IDX_01,Target URL Collision (Cities),HIGH,cities,pruniş|pruni,pages/ro/Cluj/pruni.html,N/A,scripts/build_search_index.py:69,Update search_index.json to support key to array of URLs
CHK_IDX_01,Target URL Collision (Cities),HIGH,cities,bălăceşti|bălceşti,pages/ro/Gorj/blceti.html,N/A,scripts/build_search_index.py:69,Update search_index.json to support key to array of URLs
CHK_IDX_01,Target URL Collision (Cities),HIGH,cities,băcia|băcâia,pages/ro/Hunedoara/bcia.html,N/A,scripts/build_search_index.py:69,Update search_index.json to support key to array of URLs
CHK_IDX_01,Target URL Collision (Cities),HIGH,cities,şăuliţa|şăulia,pages/ro/Mureş/ulia.html,N/A,scripts/build_search_index.py:69,Update search_index.json to support key to array of URLs
CHK_IDX_01,Target URL Collision (Cities),HIGH,cities,dâmbu|dâmbău,pages/ro/Mureş/dmbu.html,N/A,scripts/build_search_index.py:69,Update search_index.json to support key to array of URLs
CHK_IDX_01,Target URL Collision (Cities),HIGH,cities,căuaş|cuţa,pages/ro/Satu_Mare/cua.html,N/A,scripts/build_search_index.py:69,Update search_index.json to support key to array of URLs
CHK_IDX_01,Target URL Collision (Cities),HIGH,cities,băbăşeşti|băbeşti,pages/ro/Satu_Mare/bbeti.html,N/A,scripts/build_search_index.py:69,Update search_index.json to support key to array of URLs
CHK_IDX_01,Target URL Collision (Cities),HIGH,cities,băbuşa|băbuţa,pages/ro/Vaslui/bbua.html,N/A,scripts/build_search_index.py:69,Update search_index.json to support key to array of URLs
CHK_IDX_01,Target URL Collision (Cities),HIGH,cities,konarevo|končarevo,pages/rs/Unknown_State/konarevo.html,N/A,scripts/build_search_index.py:69,Update search_index.json to support key to array of URLs
CHK_IDX_01,Target URL Collision (Cities),HIGH,cities,угольные копи 4|облучье 4,pages/ru/Unknown_State/4.html,N/A,scripts/build_search_index.py:69,Update search_index.json to support key to array of URLs
CHK_IDX_01,Target URL Collision (Cities),HIGH,cities,биробиджан 2|эгвекинот 2|ленинское 2|облучье 2,pages/ru/Unknown_State/2.html,N/A,scripts/build_search_index.py:69,Update search_index.json to support key to array of URLs
CHK_IDX_01,Target URL Collision (Cities),HIGH,cities,угольные копи 6|биробиджан 6,pages/ru/Unknown_State/6.html,N/A,scripts/build_search_index.py:69,Update search_index.json to support key to array of URLs
CHK_IDX_01,Target URL Collision (Cities),HIGH,cities,волочаевка-вторая|волочаевка-первая|екатерино-никольское|биробиджан-сту|лондоко-завод,pages/ru/Unknown_State/-.html,N/A,scripts/build_search_index.py:69,Update search_index.json to support key to array of URLs
CHK_IDX_01,Target URL Collision (Cities),HIGH,cities,эгвекинот 1|угольные копи 1|провидения 1,pages/ru/Unknown_State/1.html,N/A,scripts/build_search_index.py:69,Update search_index.json to support key to array of URLs
CHK_IDX_01,Target URL Collision (Cities),HIGH,cities,каменномостский 1|майкоп 1|яблоновский 1|гиагинская 1|красногвардейское 1,pages/ru/Адыгея_Республика/1.html,N/A,scripts/build_search_index.py:69,Update search_index.json to support key to array of URLs
CHK_IDX_01,Target URL Collision (Cities),HIGH,cities,семено-макаренский|усть-сахрай|смольчев-малиновский|казенно-кужорский|северо-восточные сады,pages/ru/Адыгея_Республика/-.html,N/A,scripts/build_search_index.py:69,Update search_index.json to support key to array of URLs
CHK_IDX_01,Target URL Collision (Cities),HIGH,cities,каменномостский 2|майкоп 2|энем 2|адыгейск 2,pages/ru/Адыгея_Республика/2.html,N/A,scripts/build_search_index.py:69,Update search_index.json to support key to array of URLs
CHK_IDX_01,Target URL Collision (Cities),HIGH,cities,верх-апшуяхта|верх-уймон|улус-черга|верх-бийск|горно-алтайск,pages/ru/Алтай_Республика/-.html,N/A,scripts/build_search_index.py:69,Update search_index.json to support key to array of URLs
CHK_IDX_01,Target URL Collision (Cities),HIGH,cities,верх-бехтемир|озерки-село|глядень-первое|тягун-станция|волчно-бурлинское,pages/ru/Алтайский_Край/-.html,N/A,scripts/build_search_index.py:69,Update search_index.json to support key to array of URLs
CHK_IDX_01,Target URL Collision (Cities),HIGH,cities,барнаул 21|бийск 21,pages/ru/Алтайский_Край/21.html,N/A,scripts/build_search_index.py:69,Update search_index.json to support key to array of URLs
CHK_IDX_01,Target URL Collision (Cities),HIGH,cities,бийск 14|рубцовск 14,pages/ru/Алтайский_Край/14.html,N/A,scripts/build_search_index.py:69,Update search_index.json to support key to array of URLs
CHK_IDX_01,Target URL Collision (Cities),HIGH,cities,бийск 9|славгород 9|рубцовск 9|новоалтайск 9,pages/ru/Алтайский_Край/9.html,N/A,scripts/build_search_index.py:69,Update search_index.json to support key to array of URLs
CHK_IDX_01,Target URL Collision (Cities),HIGH,cities,барнаул 23|рубцовск 23|бийск 23,pages/ru/Алтайский_Край/23.html,N/A,scripts/build_search_index.py:69,Update search_index.json to support key to array of URLs
CHK_IDX_01,Target URL Collision (Cities),HIGH,cities,буланиха 1|славгород 1|березовка 1|троицкое 1|шипуново 1,pages/ru/Алтайский_Край/1.html,N/A,scripts/build_search_index.py:69,Update search_index.json to support key to array of URLs
CHK_IDX_01,Target URL Collision (Cities),HIGH,cities,рубцовск 18|барнаул 18|бийск 18,pages/ru/Алтайский_Край/18.html,N/A,scripts/build_search_index.py:69,Update search_index.json to support key to array of URLs
CHK_IDX_01,Target URL Collision (Cities),HIGH,cities,бийск 20|рубцовск 20,pages/ru/Алтайский_Край/20.html,N/A,scripts/build_search_index.py:69,Update search_index.json to support key to array of URLs
CHK_IDX_01,Target URL Collision (Cities),HIGH,cities,кулунда 4|рубцовск 4|барнаул 4|бийск 4|новоалтайск 4,pages/ru/Алтайский_Край/4.html,N/A,scripts/build_search_index.py:69,Update search_index.json to support key to array of URLs
CHK_IDX_01,Target URL Collision (Cities),HIGH,cities,алейск 3|бийск 3|заринск 3|барнаул 3|алтайское 3,pages/ru/Алтайский_Край/3.html,N/A,scripts/build_search_index.py:69,Update search_index.json to support key to array of URLs
CHK_IDX_01,Target URL Collision (Cities),HIGH,cities,рубцовск 10|новоалтайск 10|барнаул 10|10 лет октября,pages/ru/Алтайский_Край/10.html,N/A,scripts/build_search_index.py:69,Update search_index.json to support key to array of URLs
CHK_IDX_01,Target URL Collision (Cities),HIGH,cities,горняк 2|кулунда 2|яровое 2|благовещенка 2|поспелиха 2,pages/ru/Алтайский_Край/2.html,N/A,scripts/build_search_index.py:69,Update search_index.json to support key to array of URLs
CHK_IDX_01,Target URL Collision (Cities),HIGH,cities,бийск 35|барнаул 35,pages/ru/Алтайский_Край/35.html,N/A,scripts/build_search_index.py:69,Update search_index.json to support key to array of URLs
CHK_IDX_01,Target URL Collision (Cities),HIGH,cities,бийск 11|новоалтайск 11|барнаул 11,pages/ru/Алтайский_Край/11.html,N/A,scripts/build_search_index.py:69,Update search_index.json to support key to array of URLs
CHK_IDX_01,Target URL Collision (Cities),HIGH,cities,алейск 8|славгород 8|бийск 8|барнаул 8|рубцовск 8,pages/ru/Алтайский_Край/8.html,N/A,scripts/build_search_index.py:69,Update search_index.json to support key to array of URLs
CHK_IDX_01,Target URL Collision (Cities),HIGH,cities,алейск 6|рубцовск 6|бийск 6|заринск 6|барнаул 6,pages/ru/Алтайский_Край/6.html,N/A,scripts/build_search_index.py:69,Update search_index.json to support key to array of URLs
CHK_IDX_01,Target URL Collision (Cities),HIGH,cities,барнаул 25|рубцовск 25|бийск 25,pages/ru/Алтайский_Край/25.html,N/A,scripts/build_search_index.py:69,Update search_index.json to support key to array of URLs
CHK_IDX_01,Target URL Collision (Cities),HIGH,cities,алейск 7|новоалтайск 7|рубцовск 7|заринск 7,pages/ru/Алтайский_Край/7.html,N/A,scripts/build_search_index.py:69,Update search_index.json to support key to array of URLs
CHK_IDX_01,Target URL Collision (Cities),HIGH,cities,славгород 5|алейск 5|бийск 5,pages/ru/Алтайский_Край/5.html,N/A,scripts/build_search_index.py:69,Update search_index.json to support key to array of URLs
CHK_IDX_01,Target URL Collision (Cities),HIGH,cities,12 лет октября|рубцовск 12|барнаул 12,pages/ru/Алтайский_Край/12.html,N/A,scripts/build_search_index.py:69,Update search_index.json to support key to array of URLs
CHK_IDX_01,Target URL Collision (Cities),HIGH,cities,бийск 15|новоалтайск 15|барнаул 15,pages/ru/Алтайский_Край/15.html,N/A,scripts/build_search_index.py:69,Update search_index.json to support key to array of URLs
CHK_IDX_01,Target URL Collision (Cities),HIGH,cities,бийск 16|барнаул 16,pages/ru/Алтайский_Край/16.html,N/A,scripts/build_search_index.py:69,Update search_index.json to support key to array of URLs
CHK_IDX_01,Target URL Collision (Cities),HIGH,cities,бийск 36|барнаул 36,pages/ru/Алтайский_Край/36.html,N/A,scripts/build_search_index.py:69,Update search_index.json to support key to array of URLs
CHK_IDX_01,Target URL Collision (Cities),HIGH,cities,барнаул 33|бийск 33,pages/ru/Алтайский_Край/33.html,N/A,scripts/build_search_index.py:69,Update search_index.json to support key to array of URLs
CHK_IDX_01,Target URL Collision (Cities),HIGH,cities,бийск 22|рубцовск 22,pages/ru/Алтайский_Край/22.html,N/A,scripts/build_search_index.py:69,Update search_index.json to support key to array of URLs
CHK_IDX_01,Target URL Collision (Cities),HIGH,cities,рубцовск 19|барнаул 19|бийск 19,pages/ru/Алтайский_Край/19.html,N/A,scripts/build_search_index.py:69,Update search_index.json to support key to array of URLs
CHK_IDX_01,Target URL Collision (Cities),HIGH,cities,рубцовск 24|барнаул 24,pages/ru/Алтайский_Край/24.html,N/A,scripts/build_search_index.py:69,Update search_index.json to support key to array of URLs
CHK_IDX_01,Target URL Collision (Cities),HIGH,cities,свободный 6|райчихинск 6|благовещенск 6|зея 6|шимановск 6,pages/ru/Амурская_Область/6.html,N/A,scripts/build_search_index.py:69,Update search_index.json to support key to array of URLs
CHK_IDX_01,Target URL Collision (Cities),HIGH,cities,шимановск 1|райчихинск 1|архара 1|новорайчихинск 1|благовещенск 1,pages/ru/Амурская_Область/1.html,N/A,scripts/build_search_index.py:69,Update search_index.json to support key to array of URLs
CHK_IDX_01,Target URL Collision (Cities),HIGH,cities,тында 2|райчихинск 2|серышево 2|архара 2|свободный 2,pages/ru/Амурская_Область/2.html,N/A,scripts/build_search_index.py:69,Update search_index.json to support key to array of URLs
CHK_IDX_01,Target URL Collision (Cities),HIGH,cities,зея 4|магдагачи 4|свободный 4|белогорск 4|благовещенск 4,pages/ru/Амурская_Область/4.html,N/A,scripts/build_search_index.py:69,Update search_index.json to support key to array of URLs
CHK_IDX_01,Target URL Collision (Cities),HIGH,cities,николо-александровка|усть-уркима|усть-кивда|усть-ивановка|среднебелое-второе,pages/ru/Амурская_Область/-.html,N/A,scripts/build_search_index.py:69,Update search_index.json to support key to array of URLs
CHK_IDX_01,Target URL Collision (Cities),HIGH,cities,белогорск 5|благовещенск 5|тында 5|серышево 5|сковородино 5,pages/ru/Амурская_Область/5.html,N/A,scripts/build_search_index.py:69,Update search_index.json to support key to array of URLs
CHK_IDX_01,Target URL Collision (Cities),HIGH,cities,сковородино 3|тында 3|благовещенск 3|белогорск 3|зея 3,pages/ru/Амурская_Область/3.html,N/A,scripts/build_search_index.py:69,Update search_index.json to support key to array of URLs
CHK_IDX_01,Target URL Collision (Cities),HIGH,cities,благовещенск 14|белогорск 14,pages/ru/Амурская_Область/14.html,N/A,scripts/build_search_index.py:69,Update search_index.json to support key to array of URLs
CHK_IDX_01,Target URL Collision (Cities),HIGH,cities,благовещенск 9|свободный 9|белогорск 9,pages/ru/Амурская_Область/9.html,N/A,scripts/build_search_index.py:69,Update search_index.json to support key to array of URLs
CHK_IDX_01,Target URL Collision (Cities),HIGH,cities,шимановск 7|благовещенск 7|тында 7,pages/ru/Амурская_Область/7.html,N/A,scripts/build_search_index.py:69,Update search_index.json to support key to array of URLs
CHK_IDX_01,Target URL Collision (Cities),HIGH,cities,белогорск 10|тында 10|свободный 10,pages/ru/Амурская_Область/10.html,N/A,scripts/build_search_index.py:69,Update search_index.json to support key to array of URLs
CHK_IDX_01,Target URL Collision (Cities),HIGH,cities,свободный 21|благовещенск 21,pages/ru/Амурская_Область/21.html,N/A,scripts/build_search_index.py:69,Update search_index.json to support key to array of URLs
CHK_IDX_01,Target URL Collision (Cities),HIGH,cities,белогорск 12|свободный 12,pages/ru/Амурская_Область/12.html,N/A,scripts/build_search_index.py:69,Update search_index.json to support key to array of URLs
CHK_IDX_01,Target URL Collision (Cities),HIGH,cities,онега 7|архангельск 7|северодвинск 7,pages/ru/Архангельская_Область/7.html,N/A,scripts/build_search_index.py:69,Update search_index.json to support key to array of URLs
CHK_IDX_01,Target URL Collision (Cities),HIGH,cities,вычегодский 1|ерцево 1|архангельск 1|обозерский 1|коряжма 1,pages/ru/Архангельская_Область/1.html,N/A,scripts/build_search_index.py:69,Update search_index.json to support key to array of URLs
CHK_IDX_01,Target URL Collision (Cities),HIGH,cities,котлас 4|северодвинск 4|онега 4|коряжма 4|архангельск 4,pages/ru/Архангельская_Область/4.html,N/A,scripts/build_search_index.py:69,Update search_index.json to support key to array of URLs
CHK_IDX_01,Target URL Collision (Cities),HIGH,cities,архангельск 6|котлас 6,pages/ru/Архангельская_Область/6.html,N/A,scripts/build_search_index.py:69,Update search_index.json to support key to array of URLs
CHK_IDX_01,Target URL Collision (Cities),HIGH,cities,сергиевская-верхняя|усть-кыма|ильинско-подомское|усть-ерга|архангельск-пждп,pages/ru/Архангельская_Область/-.html,N/A,scripts/build_search_index.py:69,Update search_index.json to support key to array of URLs
CHK_IDX_01,Target URL Collision (Cities),HIGH,cities,северодвинск 10|котлас 10,pages/ru/Архангельская_Область/10.html,N/A,scripts/build_search_index.py:69,Update search_index.json to support key to array of URLs
CHK_IDX_01,Target URL Collision (Cities),HIGH,cities,архангельск 11|котлас 11,pages/ru/Архангельская_Область/11.html,N/A,scripts/build_search_index.py:69,Update search_index.json to support key to array of URLs
CHK_IDX_01,Target URL Collision (Cities),HIGH,cities,северодвинск 20|архангельск 20,pages/ru/Архангельская_Область/20.html,N/A,scripts/build_search_index.py:69,Update search_index.json to support key to array of URLs
CHK_IDX_01,Target URL Collision (Cities),HIGH,cities,мирный 14|северодвинск 14,pages/ru/Архангельская_Область/14.html,N/A,scripts/build_search_index.py:69,Update search_index.json to support key to array of URLs
CHK_IDX_01,Target URL Collision (Cities),HIGH,cities,котлас 13|мирный 13|архангельск 13,pages/ru/Архангельская_Область/13.html,N/A,scripts/build_search_index.py:69,Update search_index.json to support key to array of URLs
CHK_IDX_01,Target URL Collision (Cities),HIGH,cities,новодвинск 3|мирный 3|онега 3|котлас 3|няндома 3,pages/ru/Архангельская_Область/3.html,N/A,scripts/build_search_index.py:69,Update search_index.json to support key to array of URLs
CHK_IDX_01,Target URL Collision (Cities),HIGH,cities,архангельск 12|мирный 12|северодвинск 12|котлас 12,pages/ru/Архангельская_Область/12.html,N/A,scripts/build_search_index.py:69,Update search_index.json to support key to array of URLs
CHK_IDX_01,Target URL Collision (Cities),HIGH,cities,архангельск 2|новодвинск 2|каргополь 2|котлас 2|плесецк 2,pages/ru/Архангельская_Область/2.html,N/A,scripts/build_search_index.py:69,Update search_index.json to support key to array of URLs
CHK_IDX_01,Target URL Collision (Cities),HIGH,cities,архангельск 15|северодвинск 15,pages/ru/Архангельская_Область/15.html,N/A,scripts/build_search_index.py:69,Update search_index.json to support key to array of URLs
CHK_IDX_01,Target URL Collision (Cities),HIGH,cities,северодвинск 9|архангельск 9|котлас 9,pages/ru/Архангельская_Область/9.html,N/A,scripts/build_search_index.py:69,Update search_index.json to support key to array of URLs
CHK_IDX_01,Target URL Collision (Cities),HIGH,cities,северодвинск 5|котлас 5,pages/ru/Архангельская_Область/5.html,N/A,scripts/build_search_index.py:69,Update search_index.json to support key to array of URLs
CHK_IDX_01,Target URL Collision (Cities),HIGH,cities,архангельск 24|северодвинск 24,pages/ru/Архангельская_Область/24.html,N/A,scripts/build_search_index.py:69,Update search_index.json to support key to array of URLs
CHK_IDX_01,Target URL Collision (Cities),HIGH,cities,архангельск 23|северодвинск 23,pages/ru/Архангельская_Область/23.html,N/A,scripts/build_search_index.py:69,Update search_index.json to support key to array of URLs
CHK_IDX_01,Target URL Collision (Cities),HIGH,cities,северодвинск 22|архангельск 22,pages/ru/Архангельская_Область/22.html,N/A,scripts/build_search_index.py:69,Update search_index.json to support key to array of URLs
CHK_IDX_01,Target URL Collision (Cities),HIGH,cities,архангельск 21|северодвинск 21,pages/ru/Архангельская_Область/21.html,N/A,scripts/build_search_index.py:69,Update search_index.json to support key to array of URLs
CHK_IDX_01,Target URL Collision (Cities),HIGH,cities,ахтубинск 1|лиман 1|аксарайский 1|тамбовка 1|черный яр 1,pages/ru/Астраханская_Область/1.html,N/A,scripts/build_search_index.py:69,Update search_index.json to support key to array of URLs
CHK_IDX_01,Target URL Collision (Cities),HIGH,cities,знаменск 8|астрахань 8,pages/ru/Астраханская_Область/8.html,N/A,scripts/build_search_index.py:69,Update search_index.json to support key to array of URLs
CHK_IDX_01,Target URL Collision (Cities),HIGH,cities,образцово-травино|астрахань-опп|яр-базар|фунтово-первое|ясын-сокан,pages/ru/Астраханская_Область/-.html,N/A,scripts/build_search_index.py:69,Update search_index.json to support key to array of URLs
CHK_IDX_01,Target URL Collision (Cities),HIGH,cities,ахтубинск 4|астрахань 4|камызяк 4,pages/ru/Астраханская_Область/4.html,N/A,scripts/build_search_index.py:69,Update search_index.json to support key to array of URLs
CHK_IDX_01,Target URL Collision (Cities),HIGH,cities,астрахань 6|ахтубинск 6,pages/ru/Астраханская_Область/6.html,N/A,scripts/build_search_index.py:69,Update search_index.json to support key to array of URLs
CHK_IDX_01,Target URL Collision (Cities),HIGH,cities,камызяк 3|ахтубинск 3,pages/ru/Астраханская_Область/3.html,N/A,scripts/build_search_index.py:69,Update search_index.json to support key to array of URLs
CHK_IDX_01,Target URL Collision (Cities),HIGH,cities,тузуклей 2|ахтубинск 2,pages/ru/Астраханская_Область/2.html,N/A,scripts/build_search_index.py:69,Update search_index.json to support key to array of URLs
CHK_IDX_02,Target URL Collision (Pincodes),HIGH,pincodes,531002|533447,pages/india/andhra-pradesh/nagulapalli.html,N/A,scripts/build_search_index.py:72,Update search_index.json to support key to array of URLs
CHK_IDX_02,Target URL Collision (Pincodes),HIGH,pincodes,534002|530011,pages/india/andhra-pradesh/malkapuram.html,N/A,scripts/build_search_index.py:72,Update search_index.json to support key to array of URLs
CHK_IDX_02,Target URL Collision (Pincodes),HIGH,pincodes,521215|534145|531055|535501|534475,pages/india/andhra-pradesh/jagannadhapuram.html,N/A,scripts/build_search_index.py:72,Update search_index.json to support key to array of URLs
CHK_IDX_02,Target URL Collision (Pincodes),HIGH,pincodes,521235|534313,pages/india/andhra-pradesh/lakshmipuram.html,N/A,scripts/build_search_index.py:72,Update search_index.json to support key to array of URLs
CHK_IDX_02,Target URL Collision (Pincodes),HIGH,pincodes,524405|530046,pages/india/andhra-pradesh/vadlapudi.html,N/A,scripts/build_search_index.py:72,Update search_index.json to support key to array of URLs
CHK_IDX_02,Target URL Collision (Pincodes),HIGH,pincodes,524309|523246,pages/india/andhra-pradesh/mohammadapuram.html,N/A,scripts/build_search_index.py:72,Update search_index.json to support key to array of URLs
CHK_IDX_02,Target URL Collision (Pincodes),HIGH,pincodes,522509|522438,pages/india/andhra-pradesh/takkellapadu.html,N/A,scripts/build_search_index.py:72,Update search_index.json to support key to array of URLs
CHK_IDX_02,Target URL Collision (Pincodes),HIGH,pincodes,521162|533445,pages/india/andhra-pradesh/rayavaram.html,N/A,scripts/build_search_index.py:72,Update search_index.json to support key to array of URLs
CHK_IDX_02,Target URL Collision (Pincodes),HIGH,pincodes,523292|531082|517102,pages/india/andhra-pradesh/bhimavaram.html,N/A,scripts/build_search_index.py:72,Update search_index.json to support key to array of URLs
CHK_IDX_02,Target URL Collision (Pincodes),HIGH,pincodes,534146|521106,pages/india/andhra-pradesh/arugolanu.html,N/A,scripts/build_search_index.py:72,Update search_index.json to support key to array of URLs
CHK_IDX_02,Target URL Collision (Pincodes),HIGH,pincodes,521101|515766,pages/india/andhra-pradesh/allapuram.html,N/A,scripts/build_search_index.py:72,Update search_index.json to support key to array of URLs
CHK_IDX_02,Target URL Collision (Pincodes),HIGH,pincodes,521227|521230,pages/india/andhra-pradesh/koduru.html,N/A,scripts/build_search_index.py:72,Update search_index.json to support key to array of URLs
CHK_IDX_02,Target URL Collision (Pincodes),HIGH,pincodes,533434|534268,pages/india/andhra-pradesh/medapadu.html,N/A,scripts/build_search_index.py:72,Update search_index.json to support key to array of URLs
CHK_IDX_02,Target URL Collision (Pincodes),HIGH,pincodes,535573|515865,pages/india/andhra-pradesh/gollapalli.html,N/A,scripts/build_search_index.py:72,Update search_index.json to support key to array of URLs
CHK_IDX_02,Target URL Collision (Pincodes),HIGH,pincodes,532430|518598,pages/india/andhra-pradesh/rahimanpuram.html,N/A,scripts/build_search_index.py:72,Update search_index.json to support key to array of URLs
CHK_IDX_02,Target URL Collision (Pincodes),HIGH,pincodes,532242|515751|516502,pages/india/andhra-pradesh/kothapalli.html,N/A,scripts/build_search_index.py:72,Update search_index.json to support key to array of URLs
CHK_IDX_02,Target URL Collision (Pincodes),HIGH,pincodes,530044|535280,pages/india/andhra-pradesh/nadupuru.html,N/A,scripts/build_search_index.py:72,Update search_index.json to support key to array of URLs
CHK_IDX_02,Target URL Collision (Pincodes),HIGH,pincodes,530031|535183,pages/india/andhra-pradesh/devada.html,N/A,scripts/build_search_index.py:72,Update search_index.json to support key to array of URLs
CHK_IDX_02,Target URL Collision (Pincodes),HIGH,pincodes,535148|516172,pages/india/andhra-pradesh/krishnapuram.html,N/A,scripts/build_search_index.py:72,Update search_index.json to support key to array of URLs
CHK_IDX_02,Target URL Collision (Pincodes),HIGH,pincodes,535218|532005,pages/india/andhra-pradesh/kothapeta.html,N/A,scripts/build_search_index.py:72,Update search_index.json to support key to array of URLs
CHK_IDX_02,Target URL Collision (Pincodes),HIGH,pincodes,515465|516267,pages/india/andhra-pradesh/araveedu.html,N/A,scripts/build_search_index.py:72,Update search_index.json to support key to array of URLs
CHK_IDX_02,Target URL Collision (Pincodes),HIGH,pincodes,515541|518467,pages/india/andhra-pradesh/erradoddi.html,N/A,scripts/build_search_index.py:72,Update search_index.json to support key to array of URLs
CHK_IDX_02,Target URL Collision (Pincodes),HIGH,pincodes,518222|515671,pages/india/andhra-pradesh/dharmavaram.html,N/A,scripts/build_search_index.py:72,Update search_index.json to support key to array of URLs
CHK_IDX_02,Target URL Collision (Pincodes),HIGH,pincodes,523336|516350,pages/india/andhra-pradesh/ayyavaripalle.html,N/A,scripts/build_search_index.py:72,Update search_index.json to support key to array of URLs
CHK_IDX_02,Target URL Collision (Pincodes),HIGH,pincodes,518135|533255,pages/india/andhra-pradesh/ramachandrapuram.html,N/A,scripts/build_search_index.py:72,Update search_index.json to support key to array of URLs
CHK_IDX_02,Target URL Collision (Pincodes),HIGH,pincodes,518502|516362,pages/india/andhra-pradesh/kothapalle.html,N/A,scripts/build_search_index.py:72,Update search_index.json to support key to array of URLs
CHK_IDX_02,Target URL Collision (Pincodes),HIGH,pincodes,517536|521139,pages/india/andhra-pradesh/chodavaram.html,N/A,scripts/build_search_index.py:72,Update search_index.json to support key to array of URLs
CHK_IDX_02,Target URL Collision (Pincodes),HIGH,pincodes,517541|530008,pages/india/andhra-pradesh/kancharapalem.html,N/A,scripts/build_search_index.py:72,Update search_index.json to support key to array of URLs
CHK_IDX_02,Target URL Collision (Pincodes),HIGH,pincodes,782425|781028,pages/india/assam/beltola.html,N/A,scripts/build_search_index.py:72,Update search_index.json to support key to array of URLs
CHK_IDX_02,Target URL Collision (Pincodes),HIGH,pincodes,782136|786160|781317,pages/india/assam/amguri.html,N/A,scripts/build_search_index.py:72,Update search_index.json to support key to array of URLs
CHK_IDX_02,Target URL Collision (Pincodes),HIGH,pincodes,785622|782135,pages/india/assam/kathalguri.html,N/A,scripts/build_search_index.py:72,Update search_index.json to support key to array of URLs
CHK_IDX_02,Target URL Collision (Pincodes),HIGH,pincodes,785683|785685,pages/india/assam/bamunpukhuri.html,N/A,scripts/build_search_index.py:72,Update search_index.json to support key to array of URLs
CHK_IDX_02,Target URL Collision (Pincodes),HIGH,pincodes,781120|783133,pages/india/assam/rajapara.html,N/A,scripts/build_search_index.py:72,Update search_index.json to support key to array of URLs
CHK_IDX_02,Target URL Collision (Pincodes),HIGH,pincodes,785610|785625,pages/india/assam/borjan.html,N/A,scripts/build_search_index.py:72,Update search_index.json to support key to array of URLs
CHK_IDX_02,Target URL Collision (Pincodes),HIGH,pincodes,844121|841233,pages/india/bihar/jalalpur.html,N/A,scripts/build_search_index.py:72,Update search_index.json to support key to array of URLs
CHK_IDX_02,Target URL Collision (Pincodes),HIGH,pincodes,847427|852111|813202,pages/india/bihar/haripur.html,N/A,scripts/build_search_index.py:72,Update search_index.json to support key to array of URLs
CHK_IDX_02,Target URL Collision (Pincodes),HIGH,pincodes,845417|841214,pages/india/bihar/bhatwalia.html,N/A,scripts/build_search_index.py:72,Update search_index.json to support key to array of URLs
CHK_IDX_02,Target URL Collision (Pincodes),HIGH,pincodes,845458|821308,pages/india/bihar/nawadih.html,N/A,scripts/build_search_index.py:72,Update search_index.json to support key to array of URLs
CHK_IDX_02,Target URL Collision (Pincodes),HIGH,pincodes,845401|852127,pages/india/bihar/bariarpur.html,N/A,scripts/build_search_index.py:72,Update search_index.json to support key to array of URLs
CHK_IDX_02,Target URL Collision (Pincodes),HIGH,pincodes,845431|848201,pages/india/bihar/gamharia.html,N/A,scripts/build_search_index.py:72,Update search_index.json to support key to array of URLs
CHK_IDX_02,Target URL Collision (Pincodes),HIGH,pincodes,847232|843323,pages/india/bihar/garha.html,N/A,scripts/build_search_index.py:72,Update search_index.json to support key to array of URLs
CHK_IDX_02,Target URL Collision (Pincodes),HIGH,pincodes,843113|851117,pages/india/bihar/dumri.html,N/A,scripts/build_search_index.py:72,Update search_index.json to support key to array of URLs
CHK_IDX_02,Target URL Collision (Pincodes),HIGH,pincodes,843106|843311,pages/india/bihar/partapur.html,N/A,scripts/build_search_index.py:72,Update search_index.json to support key to array of URLs
CHK_IDX_02,Target URL Collision (Pincodes),HIGH,pincodes,843131|848205,pages/india/bihar/aura.html,N/A,scripts/build_search_index.py:72,Update search_index.json to support key to array of URLs
CHK_IDX_02,Target URL Collision (Pincodes),HIGH,pincodes,852122|841423,pages/india/bihar/amarpura.html,N/A,scripts/build_search_index.py:72,Update search_index.json to support key to array of URLs
CHK_IDX_02,Target URL Collision (Pincodes),HIGH,pincodes,852124|824301|803117|804451,pages/india/bihar/bara.html,N/A,scripts/build_search_index.py:72,Update search_index.json to support key to array of URLs
CHK_IDX_02,Target URL Collision (Pincodes),HIGH,pincodes,852219|848121,pages/india/bihar/gangapur.html,N/A,scripts/build_search_index.py:72,Update search_index.json to support key to array of URLs
CHK_IDX_02,Target URL Collision (Pincodes),HIGH,pincodes,841222|845307,pages/india/bihar/jagarnathpur.html,N/A,scripts/build_search_index.py:72,Update search_index.json to support key to array of URLs
CHK_IDX_02,Target URL Collision (Pincodes),HIGH,pincodes,841409|802123,pages/india/bihar/baikunthpur.html,N/A,scripts/build_search_index.py:72,Update search_index.json to support key to array of URLs
CHK_IDX_02,Target URL Collision (Pincodes),HIGH,pincodes,841231|801113,pages/india/bihar/faridpur.html,N/A,scripts/build_search_index.py:72,Update search_index.json to support key to array of URLs
CHK_IDX_02,Target URL Collision (Pincodes),HIGH,pincodes,841239|803111,pages/india/bihar/bargaon.html,N/A,scripts/build_search_index.py:72,Update search_index.json to support key to array of URLs
CHK_IDX_02,Target URL Collision (Pincodes),HIGH,pincodes,824303|800007|800036,pages/india/bihar/bairia.html,N/A,scripts/build_search_index.py:72,Update search_index.json to support key to array of URLs
CHK_IDX_02,Target URL Collision (Pincodes),HIGH,pincodes,813107|811310|848102|841217,pages/india/bihar/gopalpur.html,N/A,scripts/build_search_index.py:72,Update search_index.json to support key to array of URLs
CHK_IDX_02,Target URL Collision (Pincodes),HIGH,pincodes,802158|802216,pages/india/bihar/bahuara.html,N/A,scripts/build_search_index.py:72,Update search_index.json to support key to array of URLs
CHK_IDX_02,Target URL Collision (Pincodes),HIGH,pincodes,803211|804454,pages/india/bihar/jamalpur.html,N/A,scripts/build_search_index.py:72,Update search_index.json to support key to array of URLs
CHK_IDX_02,Target URL Collision (Pincodes),HIGH,pincodes,845427|847204,pages/india/bihar/narayanpur.html,N/A,scripts/build_search_index.py:72,Update search_index.json to support key to array of URLs
CHK_IDX_02,Target URL Collision (Pincodes),HIGH,pincodes,494337|491557,pages/india/chhattisgarh/charbhata.html,N/A,scripts/build_search_index.py:72,Update search_index.json to support key to array of URLs
CHK_IDX_02,Target URL Collision (Pincodes),HIGH,pincodes,495334|491881,pages/india/chhattisgarh/deori.html,N/A,scripts/build_search_index.py:72,Update search_index.json to support key to array of URLs
CHK_IDX_02,Target URL Collision (Pincodes),HIGH,pincodes,497111|496223,pages/india/chhattisgarh/bataikela.html,N/A,scripts/build_search_index.py:72,Update search_index.json to support key to array of URLs
CHK_IDX_02,Target URL Collision (Pincodes),HIGH,pincodes,493118|493229,pages/india/chhattisgarh/bijradih.html,N/A,scripts/build_search_index.py:72,Update search_index.json to support key to array of URLs
CHK_IDX_02,Target URL Collision (Pincodes),HIGH,pincodes,493662|493344,pages/india/chhattisgarh/girod.html,N/A,scripts/build_search_index.py:72,Update search_index.json to support key to array of URLs
CHK_IDX_02,Target URL Collision (Pincodes),HIGH,pincodes,403507|403718,pages/india/goa/camurlim.html,N/A,scripts/build_search_index.py:72,Update search_index.json to support key to array of URLs
CHK_IDX_02,Target URL Collision (Pincodes),HIGH,pincodes,361130|394445,pages/india/gujarat/chavda.html,N/A,scripts/build_search_index.py:72,Update search_index.json to support key to array of URLs
CHK_IDX_02,Target URL Collision (Pincodes),HIGH,pincodes,361170|384445,pages/india/gujarat/dharampur.html,N/A,scripts/build_search_index.py:72,Update search_index.json to support key to array of URLs
CHK_IDX_02,Target URL Collision (Pincodes),HIGH,pincodes,361325|360485,pages/india/gujarat/khirasara.html,N/A,scripts/build_search_index.py:72,Update search_index.json to support key to array of URLs
CHK_IDX_02,Target URL Collision (Pincodes),HIGH,pincodes,362263|365550,pages/india/gujarat/jamka.html,N/A,scripts/build_search_index.py:72,Update search_index.json to support key to array of URLs
CHK_IDX_02,Target URL Collision (Pincodes),HIGH,pincodes,362245|362150|360360,pages/india/gujarat/akala.html,N/A,scripts/build_search_index.py:72,Update search_index.json to support key to array of URLs
CHK_IDX_02,Target URL Collision (Pincodes),HIGH,pincodes,370625|370660,pages/india/gujarat/bharapar.html,N/A,scripts/build_search_index.py:72,Update search_index.json to support key to array of URLs
CHK_IDX_02,Target URL Collision (Pincodes),HIGH,pincodes,370675|364240,pages/india/gujarat/bhadli.html,N/A,scripts/build_search_index.py:72,Update search_index.json to support key to array of URLs
CHK_IDX_02,Target URL Collision (Pincodes),HIGH,pincodes,362240|394170,pages/india/gujarat/antroli.html,N/A,scripts/build_search_index.py:72,Update search_index.json to support key to array of URLs
CHK_IDX_02,Target URL Collision (Pincodes),HIGH,pincodes,396510|391520,pages/india/gujarat/gangadia.html,N/A,scripts/build_search_index.py:72,Update search_index.json to support key to array of URLs
CHK_IDX_02,Target URL Collision (Pincodes),HIGH,pincodes,394155|360380,pages/india/gujarat/virpur.html,N/A,scripts/build_search_index.py:72,Update search_index.json to support key to array of URLs
CHK_IDX_02,Target URL Collision (Pincodes),HIGH,pincodes,394715|389235,pages/india/gujarat/kalibel.html,N/A,scripts/build_search_index.py:72,Update search_index.json to support key to array of URLs
CHK_IDX_02,Target URL Collision (Pincodes),HIGH,pincodes,391810|383120,pages/india/gujarat/piludra.html,N/A,scripts/build_search_index.py:72,Update search_index.json to support key to array of URLs
CHK_IDX_02,Target URL Collision (Pincodes),HIGH,pincodes,387510|387330,pages/india/gujarat/heranj.html,N/A,scripts/build_search_index.py:72,Update search_index.json to support key to array of URLs
CHK_IDX_02,Target URL Collision (Pincodes),HIGH,pincodes,387710|389341,pages/india/gujarat/karoli.html,N/A,scripts/build_search_index.py:72,Update search_index.json to support key to array of URLs
CHK_IDX_02,Target URL Collision (Pincodes),HIGH,pincodes,382430|389365|388315,pages/india/gujarat/bakrol.html,N/A,scripts/build_search_index.py:72,Update search_index.json to support key to array of URLs
CHK_IDX_02,Target URL Collision (Pincodes),HIGH,pincodes,385540|363623,pages/india/gujarat/dhuva.html,N/A,scripts/build_search_index.py:72,Update search_index.json to support key to array of URLs
CHK_IDX_02,Target URL Collision (Pincodes),HIGH,pincodes,385560|365440,pages/india/gujarat/bhalgam.html,N/A,scripts/build_search_index.py:72,Update search_index.json to support key to array of URLs
CHK_IDX_02,Target URL Collision (Pincodes),HIGH,pincodes,384340|384275,pages/india/gujarat/vasai.html,N/A,scripts/build_search_index.py:72,Update search_index.json to support key to array of URLs
CHK_IDX_02,Target URL Collision (Pincodes),HIGH,pincodes,360410|365645,pages/india/gujarat/bhader.html,N/A,scripts/build_search_index.py:72,Update search_index.json to support key to array of URLs
CHK_IDX_02,Target URL Collision (Pincodes),HIGH,pincodes,391210|382729,pages/india/gujarat/chhatral.html,N/A,scripts/build_search_index.py:72,Update search_index.json to support key to array of URLs
CHK_IDX_02,Target URL Collision (Pincodes),HIGH,pincodes,387540|394185,pages/india/gujarat/navagam.html,N/A,scripts/build_search_index.py:72,Update search_index.json to support key to array of URLs
CHK_IDX_02,Target URL Collision (Pincodes),HIGH,pincodes,131403|126125,pages/india/haryana/badhana.html,N/A,scripts/build_search_index.py:72,Update search_index.json to support key to array of URLs
CHK_IDX_02,Target URL Collision (Pincodes),HIGH,pincodes,127201|122505,pages/india/haryana/budhera.html,N/A,scripts/build_search_index.py:72,Update search_index.json to support key to array of URLs
CHK_IDX_02,Target URL Collision (Pincodes),HIGH,pincodes,176026|177110,pages/india/himachal-pradesh/bhater.html,N/A,scripts/build_search_index.py:72,Update search_index.json to support key to array of URLs
CHK_IDX_02,Target URL Collision (Pincodes),HIGH,pincodes,176042|176101,pages/india/himachal-pradesh/dain.html,N/A,scripts/build_search_index.py:72,Update search_index.json to support key to array of URLs
CHK_IDX_02,Target URL Collision (Pincodes),HIGH,pincodes,175031|176203,pages/india/himachal-pradesh/chowki.html,N/A,scripts/build_search_index.py:72,Update search_index.json to support key to array of URLs
CHK_IDX_02,Target URL Collision (Pincodes),HIGH,pincodes,193301|191101,pages/india/jammu-kashmir/balhama.html,N/A,scripts/build_search_index.py:72,Update search_index.json to support key to array of URLs
CHK_IDX_02,Target URL Collision (Pincodes),HIGH,pincodes,822112|835208,pages/india/jharkhand/arangi.html,N/A,scripts/build_search_index.py:72,Update search_index.json to support key to array of URLs
CHK_IDX_02,Target URL Collision (Pincodes),HIGH,pincodes,822133|814142,pages/india/jharkhand/banka.html,N/A,scripts/build_search_index.py:72,Update search_index.json to support key to array of URLs
CHK_IDX_02,Target URL Collision (Pincodes),HIGH,pincodes,822128|814102,pages/india/jharkhand/gamharia.html,N/A,scripts/build_search_index.py:72,Update search_index.json to support key to array of URLs
CHK_IDX_02,Target URL Collision (Pincodes),HIGH,pincodes,815353|814151,pages/india/jharkhand/dhamni.html,N/A,scripts/build_search_index.py:72,Update search_index.json to support key to array of URLs
CHK_IDX_02,Target URL Collision (Pincodes),HIGH,pincodes,560083|577531,pages/india/karnataka/kalkere.html,N/A,scripts/build_search_index.py:72,Update search_index.json to support key to array of URLs
CHK_IDX_02,Target URL Collision (Pincodes),HIGH,pincodes,562159|560108,pages/india/karnataka/anjanapura.html,N/A,scripts/build_search_index.py:72,Update search_index.json to support key to array of URLs
CHK_IDX_02,Target URL Collision (Pincodes),HIGH,pincodes,562126|573123,pages/india/karnataka/attihalli.html,N/A,scripts/build_search_index.py:72,Update search_index.json to support key to array of URLs
CHK_IDX_02,Target URL Collision (Pincodes),HIGH,pincodes,562135|570028,pages/india/karnataka/harohalli.html,N/A,scripts/build_search_index.py:72,Update search_index.json to support key to array of URLs
CHK_IDX_02,Target URL Collision (Pincodes),HIGH,pincodes,591127|591310,pages/india/karnataka/avaradi.html,N/A,scripts/build_search_index.py:72,Update search_index.json to support key to array of URLs
CHK_IDX_02,Target URL Collision (Pincodes),HIGH,pincodes,583218|571448|571606,pages/india/karnataka/hulikere.html,N/A,scripts/build_search_index.py:72,Update search_index.json to support key to array of URLs
CHK_IDX_02,Target URL Collision (Pincodes),HIGH,pincodes,585444|581193,pages/india/karnataka/chandapur.html,N/A,scripts/build_search_index.py:72,Update search_index.json to support key to array of URLs
CHK_IDX_02,Target URL Collision (Pincodes),HIGH,pincodes,591232|584202,pages/india/karnataka/hanamapur.html,N/A,scripts/build_search_index.py:72,Update search_index.json to support key to array of URLs
CHK_IDX_02,Target URL Collision (Pincodes),HIGH,pincodes,591265|574203,pages/india/karnataka/bannur.html,N/A,scripts/build_search_index.py:72,Update search_index.json to support key to array of URLs
CHK_IDX_02,Target URL Collision (Pincodes),HIGH,pincodes,583234|577113,pages/india/karnataka/hosahalli.html,N/A,scripts/build_search_index.py:72,Update search_index.json to support key to array of URLs
CHK_IDX_02,Target URL Collision (Pincodes),HIGH,pincodes,581331|577423,pages/india/karnataka/balekoppa.html,N/A,scripts/build_search_index.py:72,Update search_index.json to support key to array of URLs
CHK_IDX_02,Target URL Collision (Pincodes),HIGH,pincodes,577548|577597,pages/india/karnataka/alaghatta.html,N/A,scripts/build_search_index.py:72,Update search_index.json to support key to array of URLs
CHK_IDX_02,Target URL Collision (Pincodes),HIGH,pincodes,577550|571216|560114,pages/india/karnataka/begur.html,N/A,scripts/build_search_index.py:72,Update search_index.json to support key to array of URLs
CHK_IDX_02,Target URL Collision (Pincodes),HIGH,pincodes,577598|577512,pages/india/karnataka/alur.html,N/A,scripts/build_search_index.py:72,Update search_index.json to support key to array of URLs
CHK_IDX_02,Target URL Collision (Pincodes),HIGH,pincodes,573113|570018,pages/india/karnataka/belavadi.html,N/A,scripts/build_search_index.py:72,Update search_index.json to support key to array of URLs
CHK_IDX_02,Target URL Collision (Pincodes),HIGH,pincodes,571402|570008,pages/india/karnataka/gopalapura.html,N/A,scripts/build_search_index.py:72,Update search_index.json to support key to array of URLs
CHK_IDX_02,Target URL Collision (Pincodes),HIGH,pincodes,571812|571111,pages/india/karnataka/bachahalli.html,N/A,scripts/build_search_index.py:72,Update search_index.json to support key to array of URLs
CHK_IDX_02,Target URL Collision (Pincodes),HIGH,pincodes,572121|571427,pages/india/karnataka/rampura.html,N/A,scripts/build_search_index.py:72,Update search_index.json to support key to array of URLs
CHK_IDX_02,Target URL Collision (Pincodes),HIGH,pincodes,583221|583215,pages/india/karnataka/hampi-power-house.html,N/A,scripts/build_search_index.py:72,Update search_index.json to support key to array of URLs
CHK_IDX_02,Target URL Collision (Pincodes),HIGH,pincodes,673542|690516,pages/india/kerala/karthikappally.html,N/A,scripts/build_search_index.py:72,Update search_index.json to support key to array of URLs
CHK_IDX_02,Target URL Collision (Pincodes),HIGH,pincodes,688526|670646,pages/india/kerala/panavally.html,N/A,scripts/build_search_index.py:72,Update search_index.json to support key to array of URLs
CHK_IDX_02,Target URL Collision (Pincodes),HIGH,pincodes,686538|690501,pages/india/kerala/puthenchantha.html,N/A,scripts/build_search_index.py:72,Update search_index.json to support key to array of URLs
CHK_IDX_02,Target URL Collision (Pincodes),HIGH,pincodes,686613|679340,pages/india/kerala/eravimangalam.html,N/A,scripts/build_search_index.py:72,Update search_index.json to support key to array of URLs
CHK_IDX_02,Target URL Collision (Pincodes),HIGH,pincodes,689693|691509,pages/india/kerala/nedumoncavu.html,N/A,scripts/build_search_index.py:72,Update search_index.json to support key to array of URLs
CHK_IDX_02,Target URL Collision (Pincodes),HIGH,pincodes,691010|673645,pages/india/kerala/mundakkal.html,N/A,scripts/build_search_index.py:72,Update search_index.json to support key to array of URLs
CHK_IDX_02,Target URL Collision (Pincodes),HIGH,pincodes,673577|679304,pages/india/kerala/chembra.html,N/A,scripts/build_search_index.py:72,Update search_index.json to support key to array of URLs
CHK_IDX_02,Target URL Collision (Pincodes),HIGH,pincodes,682017|686668,pages/india/kerala/kaloor.html,N/A,scripts/build_search_index.py:72,Update search_index.json to support key to array of URLs
CHK_IDX_02,Target URL Collision (Pincodes),HIGH,pincodes,689621|691584,pages/india/kerala/vadakkumbhagom.html,N/A,scripts/build_search_index.py:72,Update search_index.json to support key to array of URLs
CHK_IDX_02,Target URL Collision (Pincodes),HIGH,pincodes,686545|680668,pages/india/kerala/santhipuram.html,N/A,scripts/build_search_index.py:72,Update search_index.json to support key to array of URLs
CHK_IDX_02,Target URL Collision (Pincodes),HIGH,pincodes,484886|484660,pages/india/madhya-pradesh/bilaspur.html,N/A,scripts/build_search_index.py:72,Update search_index.json to support key to array of URLs
CHK_IDX_02,Target URL Collision (Pincodes),HIGH,pincodes,484110|481666,pages/india/madhya-pradesh/lalpur.html,N/A,scripts/build_search_index.py:72,Update search_index.json to support key to array of URLs
CHK_IDX_02,Target URL Collision (Pincodes),HIGH,pincodes,484555|486886,pages/india/madhya-pradesh/jarha.html,N/A,scripts/build_search_index.py:72,Update search_index.json to support key to array of URLs
CHK_IDX_02,Target URL Collision (Pincodes),HIGH,pincodes,483990|465001,pages/india/madhya-pradesh/rampura.html,N/A,scripts/build_search_index.py:72,Update search_index.json to support key to array of URLs
CHK_IDX_02,Target URL Collision (Pincodes),HIGH,pincodes,450001|451220,pages/india/madhya-pradesh/padlya.html,N/A,scripts/build_search_index.py:72,Update search_index.json to support key to array of URLs
CHK_IDX_02,Target URL Collision (Pincodes),HIGH,pincodes,458667|473106,pages/india/madhya-pradesh/fatehgarh.html,N/A,scripts/build_search_index.py:72,Update search_index.json to support key to array of URLs
CHK_IDX_02,Target URL Collision (Pincodes),HIGH,pincodes,458389|473118,pages/india/madhya-pradesh/manpura.html,N/A,scripts/build_search_index.py:72,Update search_index.json to support key to array of URLs
CHK_IDX_02,Target URL Collision (Pincodes),HIGH,pincodes,457339|481551,pages/india/madhya-pradesh/moriya.html,N/A,scripts/build_search_index.py:72,Update search_index.json to support key to array of URLs
CHK_IDX_02,Target URL Collision (Pincodes),HIGH,pincodes,481111|481885,pages/india/madhya-pradesh/amgaon.html,N/A,scripts/build_search_index.py:72,Update search_index.json to support key to array of URLs
CHK_IDX_02,Target URL Collision (Pincodes),HIGH,pincodes,481102|481222,pages/india/madhya-pradesh/ameda.html,N/A,scripts/build_search_index.py:72,Update search_index.json to support key to array of URLs
CHK_IDX_02,Target URL Collision (Pincodes),HIGH,pincodes,481445|480661,pages/india/madhya-pradesh/jam.html,N/A,scripts/build_search_index.py:72,Update search_index.json to support key to array of URLs
CHK_IDX_02,Target URL Collision (Pincodes),HIGH,pincodes,481663|488220,pages/india/madhya-pradesh/deogaon.html,N/A,scripts/build_search_index.py:72,Update search_index.json to support key to array of URLs
CHK_IDX_02,Target URL Collision (Pincodes),HIGH,pincodes,471111|462010,pages/india/madhya-pradesh/imaliya.html,N/A,scripts/build_search_index.py:72,Update search_index.json to support key to array of URLs
CHK_IDX_02,Target URL Collision (Pincodes),HIGH,pincodes,485775|485446,pages/india/madhya-pradesh/babupur.html,N/A,scripts/build_search_index.py:72,Update search_index.json to support key to array of URLs
CHK_IDX_02,Target URL Collision (Pincodes),HIGH,pincodes,416211|415101,pages/india/maharashtra/shirgaon.html,N/A,scripts/build_search_index.py:72,Update search_index.json to support key to array of URLs
CHK_IDX_02,Target URL Collision (Pincodes),HIGH,pincodes,416235|431746|444813|441806|443112,pages/india/maharashtra/chikhali.html,N/A,scripts/build_search_index.py:72,Update search_index.json to support key to array of URLs
CHK_IDX_02,Target URL Collision (Pincodes),HIGH,pincodes,415709|410508,pages/india/maharashtra/dhamani.html,N/A,scripts/build_search_index.py:72,Update search_index.json to support key to array of URLs
CHK_IDX_02,Target URL Collision (Pincodes),HIGH,pincodes,415214|416534,pages/india/maharashtra/padve.html,N/A,scripts/build_search_index.py:72,Update search_index.json to support key to array of URLs
CHK_IDX_02,Target URL Collision (Pincodes),HIGH,pincodes,415606|415710,pages/india/maharashtra/furus.html,N/A,scripts/build_search_index.py:72,Update search_index.json to support key to array of URLs
CHK_IDX_02,Target URL Collision (Pincodes),HIGH,pincodes,416419|442702,pages/india/maharashtra/borgaon.html,N/A,scripts/build_search_index.py:72,Update search_index.json to support key to array of URLs
CHK_IDX_02,Target URL Collision (Pincodes),HIGH,pincodes,416314|414505,pages/india/maharashtra/padali.html,N/A,scripts/build_search_index.py:72,Update search_index.json to support key to array of URLs
CHK_IDX_02,Target URL Collision (Pincodes),HIGH,pincodes,416302|402204|424005,pages/india/maharashtra/nagaon.html,N/A,scripts/build_search_index.py:72,Update search_index.json to support key to array of URLs
CHK_IDX_02,Target URL Collision (Pincodes),HIGH,pincodes,415402|412410,pages/india/maharashtra/mangrul.html,N/A,scripts/build_search_index.py:72,Update search_index.json to support key to array of URLs
CHK_IDX_02,Target URL Collision (Pincodes),HIGH,pincodes,425302|431543|425110,pages/india/maharashtra/adgaon.html,N/A,scripts/build_search_index.py:72,Update search_index.json to support key to array of URLs
CHK_IDX_02,Target URL Collision (Pincodes),HIGH,pincodes,425417|422222,pages/india/maharashtra/gangapur.html,N/A,scripts/build_search_index.py:72,Update search_index.json to support key to array of URLs
CHK_IDX_02,Target URL Collision (Pincodes),HIGH,pincodes,425109|431130,pages/india/maharashtra/borgaon-bk.html,N/A,scripts/build_search_index.py:72,Update search_index.json to support key to array of URLs
CHK_IDX_02,Target URL Collision (Pincodes),HIGH,pincodes,424104|423301,pages/india/maharashtra/akhatwade.html,N/A,scripts/build_search_index.py:72,Update search_index.json to support key to array of URLs
CHK_IDX_02,Target URL Collision (Pincodes),HIGH,pincodes,424119|422209,pages/india/maharashtra/umbarkhed.html,N/A,scripts/build_search_index.py:72,Update search_index.json to support key to array of URLs
CHK_IDX_02,Target URL Collision (Pincodes),HIGH,pincodes,425401|422214,pages/india/maharashtra/devgaon.html,N/A,scripts/build_search_index.py:72,Update search_index.json to support key to array of URLs
CHK_IDX_02,Target URL Collision (Pincodes),HIGH,pincodes,425003|422102|442203,pages/india/maharashtra/chincholi.html,N/A,scripts/build_search_index.py:72,Update search_index.json to support key to array of URLs
CHK_IDX_02,Target URL Collision (Pincodes),HIGH,pincodes,425002|425524,pages/india/maharashtra/amoda.html,N/A,scripts/build_search_index.py:72,Update search_index.json to support key to array of URLs
CHK_IDX_02,Target URL Collision (Pincodes),HIGH,pincodes,431722|445109,pages/india/maharashtra/kolambi.html,N/A,scripts/build_search_index.py:72,Update search_index.json to support key to array of URLs
CHK_IDX_02,Target URL Collision (Pincodes),HIGH,pincodes,431804|444004,pages/india/maharashtra/malkapur.html,N/A,scripts/build_search_index.py:72,Update search_index.json to support key to array of URLs
CHK_IDX_02,Target URL Collision (Pincodes),HIGH,pincodes,431731|413519,pages/india/maharashtra/bolegaon.html,N/A,scripts/build_search_index.py:72,Update search_index.json to support key to array of URLs
CHK_IDX_02,Target URL Collision (Pincodes),HIGH,pincodes,431723|431736|413518,pages/india/maharashtra/shelgaon.html,N/A,scripts/build_search_index.py:72,Update search_index.json to support key to array of URLs
CHK_IDX_02,Target URL Collision (Pincodes),HIGH,pincodes,416550|442903|410502|410505,pages/india/maharashtra/amboli.html,N/A,scripts/build_search_index.py:72,Update search_index.json to support key to array of URLs
CHK_IDX_02,Target URL Collision (Pincodes),HIGH,pincodes,413523|445324,pages/india/maharashtra/dhanora.html,N/A,scripts/build_search_index.py:72,Update search_index.json to support key to array of URLs
CHK_IDX_02,Target URL Collision (Pincodes),HIGH,pincodes,413544|413514,pages/india/maharashtra/dhamangaon.html,N/A,scripts/build_search_index.py:72,Update search_index.json to support key to array of URLs
CHK_IDX_02,Target URL Collision (Pincodes),HIGH,pincodes,413582|413301,pages/india/maharashtra/bavi.html,N/A,scripts/build_search_index.py:72,Update search_index.json to support key to array of URLs
CHK_IDX_02,Target URL Collision (Pincodes),HIGH,pincodes,413506|442605,pages/india/maharashtra/bamni.html,N/A,scripts/build_search_index.py:72,Update search_index.json to support key to array of URLs
CHK_IDX_02,Target URL Collision (Pincodes),HIGH,pincodes,431402|413717|412220,pages/india/maharashtra/karegaon.html,N/A,scripts/build_search_index.py:72,Update search_index.json to support key to array of URLs
CHK_IDX_02,Target URL Collision (Pincodes),HIGH,pincodes,444401|444107,pages/india/maharashtra/kajaleshwar.html,N/A,scripts/build_search_index.py:72,Update search_index.json to support key to array of URLs
CHK_IDX_02,Target URL Collision (Pincodes),HIGH,pincodes,444110|445215|444311|425424,pages/india/maharashtra/dongargaon.html,N/A,scripts/build_search_index.py:72,Update search_index.json to support key to array of URLs
CHK_IDX_02,Target URL Collision (Pincodes),HIGH,pincodes,444105|445306|441914,pages/india/maharashtra/jamb.html,N/A,scripts/build_search_index.py:72,Update search_index.json to support key to array of URLs
CHK_IDX_02,Target URL Collision (Pincodes),HIGH,pincodes,443401|402402,pages/india/maharashtra/dighi.html,N/A,scripts/build_search_index.py:72,Update search_index.json to support key to array of URLs
CHK_IDX_02,Target URL Collision (Pincodes),HIGH,pincodes,442705|442104,pages/india/maharashtra/bori.html,N/A,scripts/build_search_index.py:72,Update search_index.json to support key to array of URLs
CHK_IDX_02,Target URL Collision (Pincodes),HIGH,pincodes,442917|441215,pages/india/maharashtra/antargaon.html,N/A,scripts/build_search_index.py:72,Update search_index.json to support key to array of URLs
CHK_IDX_02,Target URL Collision (Pincodes),HIGH,pincodes,441108|413581,pages/india/maharashtra/ashta.html,N/A,scripts/build_search_index.py:72,Update search_index.json to support key to array of URLs
CHK_IDX_02,Target URL Collision (Pincodes),HIGH,pincodes,441802|441105|410301,pages/india/maharashtra/khandala.html,N/A,scripts/build_search_index.py:72,Update search_index.json to support key to array of URLs
CHK_IDX_02,Target URL Collision (Pincodes),HIGH,pincodes,441401|440003,pages/india/maharashtra/ajni.html,N/A,scripts/build_search_index.py:72,Update search_index.json to support key to array of URLs
CHK_IDX_02,Target URL Collision (Pincodes),HIGH,pincodes,445105|444704,pages/india/maharashtra/belora.html,N/A,scripts/build_search_index.py:72,Update search_index.json to support key to array of URLs
CHK_IDX_02,Target URL Collision (Pincodes),HIGH,pincodes,445110|413723|431150|431213|441404,pages/india/maharashtra/gondegaon.html,N/A,scripts/build_search_index.py:72,Update search_index.json to support key to array of URLs
CHK_IDX_02,Target URL Collision (Pincodes),HIGH,pincodes,413201|401207,pages/india/maharashtra/naigaon.html,N/A,scripts/build_search_index.py:72,Update search_index.json to support key to array of URLs
CHK_IDX_02,Target URL Collision (Pincodes),HIGH,pincodes,412206|416201,pages/india/maharashtra/ambavade.html,N/A,scripts/build_search_index.py:72,Update search_index.json to support key to array of URLs
CHK_IDX_02,Target URL Collision (Pincodes),HIGH,pincodes,415207|415105,pages/india/maharashtra/govare.html,N/A,scripts/build_search_index.py:72,Update search_index.json to support key to array of URLs
CHK_IDX_02,Target URL Collision (Pincodes),HIGH,pincodes,415506|431002,pages/india/maharashtra/padegaon.html,N/A,scripts/build_search_index.py:72,Update search_index.json to support key to array of URLs
CHK_IDX_02,Target URL Collision (Pincodes),HIGH,pincodes,415537|416218,pages/india/maharashtra/kapshi.html,N/A,scripts/build_search_index.py:72,Update search_index.json to support key to array of URLs
CHK_IDX_02,Target URL Collision (Pincodes),HIGH,pincodes,412802|415519,pages/india/maharashtra/atit.html,N/A,scripts/build_search_index.py:72,Update search_index.json to support key to array of URLs
CHK_IDX_02,Target URL Collision (Pincodes),HIGH,pincodes,415527|415511,pages/india/maharashtra/ambheri.html,N/A,scripts/build_search_index.py:72,Update search_index.json to support key to array of URLs
CHK_IDX_02,Target URL Collision (Pincodes),HIGH,pincodes,415526|424207,pages/india/maharashtra/loni.html,N/A,scripts/build_search_index.py:72,Update search_index.json to support key to array of URLs
CHK_IDX_02,Target URL Collision (Pincodes),HIGH,pincodes,413221|412212,pages/india/maharashtra/antroli.html,N/A,scripts/build_search_index.py:72,Update search_index.json to support key to array of URLs
CHK_IDX_02,Target URL Collision (Pincodes),HIGH,pincodes,431215|413508,pages/india/maharashtra/khamgaon.html,N/A,scripts/build_search_index.py:72,Update search_index.json to support key to array of URLs
CHK_IDX_02,Target URL Collision (Pincodes),HIGH,pincodes,423703|415720,pages/india/maharashtra/karanjgaon.html,N/A,scripts/build_search_index.py:72,Update search_index.json to support key to array of URLs
CHK_IDX_02,Target URL Collision (Pincodes),HIGH,pincodes,415404|413108,pages/india/maharashtra/tambave.html,N/A,scripts/build_search_index.py:72,Update search_index.json to support key to array of URLs
CHK_IDX_02,Target URL Collision (Pincodes),HIGH,pincodes,444117|422010,pages/india/maharashtra/pathardi.html,N/A,scripts/build_search_index.py:72,Update search_index.json to support key to array of URLs
CHK_IDX_02,Target URL Collision (Pincodes),HIGH,pincodes,440016|411022,pages/india/maharashtra/srpf.html,N/A,scripts/build_search_index.py:72,Update search_index.json to support key to array of URLs
CHK_IDX_02,Target URL Collision (Pincodes),HIGH,pincodes,752113|757083,pages/india/odisha/tentuligaon.html,N/A,scripts/build_search_index.py:72,Update search_index.json to support key to array of URLs
CHK_IDX_02,Target URL Collision (Pincodes),HIGH,pincodes,753011|767028,pages/india/odisha/bhanpur.html,N/A,scripts/build_search_index.py:72,Update search_index.json to support key to array of URLs
CHK_IDX_02,Target URL Collision (Pincodes),HIGH,pincodes,754108|752120,pages/india/odisha/baharana.html,N/A,scripts/build_search_index.py:72,Update search_index.json to support key to array of URLs
CHK_IDX_02,Target URL Collision (Pincodes),HIGH,pincodes,757055|761009,pages/india/odisha/haripur.html,N/A,scripts/build_search_index.py:72,Update search_index.json to support key to array of URLs
CHK_IDX_02,Target URL Collision (Pincodes),HIGH,pincodes,757052|758081,pages/india/odisha/khadikapada.html,N/A,scripts/build_search_index.py:72,Update search_index.json to support key to array of URLs
CHK_IDX_02,Target URL Collision (Pincodes),HIGH,pincodes,757049|759101|759132,pages/india/odisha/jagannathpur.html,N/A,scripts/build_search_index.py:72,Update search_index.json to support key to array of URLs
CHK_IDX_02,Target URL Collision (Pincodes),HIGH,pincodes,757035|767017,pages/india/odisha/baidyanath.html,N/A,scripts/build_search_index.py:72,Update search_index.json to support key to array of URLs
CHK_IDX_02,Target URL Collision (Pincodes),HIGH,pincodes,752080|759141,pages/india/odisha/barasahi.html,N/A,scripts/build_search_index.py:72,Update search_index.json to support key to array of URLs
CHK_IDX_02,Target URL Collision (Pincodes),HIGH,pincodes,767033|766027,pages/india/odisha/bijepur.html,N/A,scripts/build_search_index.py:72,Update search_index.json to support key to array of URLs
CHK_IDX_02,Target URL Collision (Pincodes),HIGH,pincodes,756038|756086,pages/india/odisha/bartana.html,N/A,scripts/build_search_index.py:72,Update search_index.json to support key to array of URLs
CHK_IDX_02,Target URL Collision (Pincodes),HIGH,pincodes,768109|764063,pages/india/odisha/aunli.html,N/A,scripts/build_search_index.py:72,Update search_index.json to support key to array of URLs
CHK_IDX_02,Target URL Collision (Pincodes),HIGH,pincodes,770036|770017,pages/india/odisha/jareikela.html,N/A,scripts/build_search_index.py:72,Update search_index.json to support key to array of URLs
CHK_IDX_02,Target URL Collision (Pincodes),HIGH,pincodes,761146|761037,pages/india/odisha/gothagam.html,N/A,scripts/build_search_index.py:72,Update search_index.json to support key to array of URLs
CHK_IDX_02,Target URL Collision (Pincodes),HIGH,pincodes,148002|151501,pages/india/punjab/bahadurpur.html,N/A,scripts/build_search_index.py:72,Update search_index.json to support key to array of URLs
CHK_IDX_02,Target URL Collision (Pincodes),HIGH,pincodes,143601|141418|144621,pages/india/punjab/begowal.html,N/A,scripts/build_search_index.py:72,Update search_index.json to support key to array of URLs
CHK_IDX_02,Target URL Collision (Pincodes),HIGH,pincodes,143512|144802,pages/india/punjab/lakhan-kalan.html,N/A,scripts/build_search_index.py:72,Update search_index.json to support key to array of URLs
CHK_IDX_02,Target URL Collision (Pincodes),HIGH,pincodes,144509|144402,pages/india/punjab/lakhpur.html,N/A,scripts/build_search_index.py:72,Update search_index.json to support key to array of URLs
CHK_IDX_02,Target URL Collision (Pincodes),HIGH,pincodes,321405|333307|311803,pages/india/rajasthan/kot.html,N/A,scripts/build_search_index.py:72,Update search_index.json to support key to array of URLs
CHK_IDX_02,Target URL Collision (Pincodes),HIGH,pincodes,328021|322249,pages/india/rajasthan/bahadurpur.html,N/A,scripts/build_search_index.py:72,Update search_index.json to support key to array of URLs
CHK_IDX_02,Target URL Collision (Pincodes),HIGH,pincodes,302012|333036,pages/india/rajasthan/kishanpura.html,N/A,scripts/build_search_index.py:72,Update search_index.json to support key to array of URLs
CHK_IDX_02,Target URL Collision (Pincodes),HIGH,pincodes,322240|301415,pages/india/rajasthan/koondla.html,N/A,scripts/build_search_index.py:72,Update search_index.json to support key to array of URLs
CHK_IDX_02,Target URL Collision (Pincodes),HIGH,pincodes,303108|331503,pages/india/rajasthan/gopalpura.html,N/A,scripts/build_search_index.py:72,Update search_index.json to support key to array of URLs
CHK_IDX_02,Target URL Collision (Pincodes),HIGH,pincodes,322702|325221,pages/india/rajasthan/banjari.html,N/A,scripts/build_search_index.py:72,Update search_index.json to support key to array of URLs
CHK_IDX_02,Target URL Collision (Pincodes),HIGH,pincodes,344034|332406,pages/india/rajasthan/dudhwa.html,N/A,scripts/build_search_index.py:72,Update search_index.json to support key to array of URLs
CHK_IDX_02,Target URL Collision (Pincodes),HIGH,pincodes,333010|305022,pages/india/rajasthan/nand.html,N/A,scripts/build_search_index.py:72,Update search_index.json to support key to array of URLs
CHK_IDX_02,Target URL Collision (Pincodes),HIGH,pincodes,341509|312614|326038,pages/india/rajasthan/bhagwanpura.html,N/A,scripts/build_search_index.py:72,Update search_index.json to support key to array of URLs
CHK_IDX_02,Target URL Collision (Pincodes),HIGH,pincodes,305601|311023,pages/india/rajasthan/arwar.html,N/A,scripts/build_search_index.py:72,Update search_index.json to support key to array of URLs
CHK_IDX_02,Target URL Collision (Pincodes),HIGH,pincodes,305404|313327,pages/india/rajasthan/jetpura.html,N/A,scripts/build_search_index.py:72,Update search_index.json to support key to array of URLs
CHK_IDX_02,Target URL Collision (Pincodes),HIGH,pincodes,311801|332603,pages/india/rajasthan/arnia.html,N/A,scripts/build_search_index.py:72,Update search_index.json to support key to array of URLs
CHK_IDX_02,Target URL Collision (Pincodes),HIGH,pincodes,312023|313901,pages/india/rajasthan/deopura.html,N/A,scripts/build_search_index.py:72,Update search_index.json to support key to array of URLs
CHK_IDX_02,Target URL Collision (Pincodes),HIGH,pincodes,306115|333504,pages/india/rajasthan/dhana.html,N/A,scripts/build_search_index.py:72,Update search_index.json to support key to array of URLs
CHK_IDX_02,Target URL Collision (Pincodes),HIGH,pincodes,343025|343041,pages/india/rajasthan/akoli.html,N/A,scripts/build_search_index.py:72,Update search_index.json to support key to array of URLs
CHK_IDX_02,Target URL Collision (Pincodes),HIGH,pincodes,335503|305926,pages/india/rajasthan/asan.html,N/A,scripts/build_search_index.py:72,Update search_index.json to support key to array of URLs
CHK_IDX_02,Target URL Collision (Pincodes),HIGH,pincodes,328026|301027,pages/india/rajasthan/jhiri.html,N/A,scripts/build_search_index.py:72,Update search_index.json to support key to array of URLs
CHK_IDX_02,Target URL Collision (Pincodes),HIGH,pincodes,302026|322704,pages/india/rajasthan/mahapura.html,N/A,scripts/build_search_index.py:72,Update search_index.json to support key to array of URLs
CHK_IDX_02,Target URL Collision (Pincodes),HIGH,pincodes,333304|306706,pages/india/rajasthan/barwa.html,N/A,scripts/build_search_index.py:72,Update search_index.json to support key to array of URLs
CHK_IDX_02,Target URL Collision (Pincodes),HIGH,pincodes,628503|637020,pages/india/tamil-nadu/alampatti.html,N/A,scripts/build_search_index.py:72,Update search_index.json to support key to array of URLs
CHK_IDX_02,Target URL Collision (Pincodes),HIGH,pincodes,628718|626125,pages/india/tamil-nadu/meenakshipuram.html,N/A,scripts/build_search_index.py:72,Update search_index.json to support key to array of URLs
CHK_IDX_02,Target URL Collision (Pincodes),HIGH,pincodes,627851|625218,pages/india/tamil-nadu/andipatti.html,N/A,scripts/build_search_index.py:72,Update search_index.json to support key to array of URLs
CHK_IDX_02,Target URL Collision (Pincodes),HIGH,pincodes,625402|604501,pages/india/tamil-nadu/vayalur.html,N/A,scripts/build_search_index.py:72,Update search_index.json to support key to array of URLs
CHK_IDX_02,Target URL Collision (Pincodes),HIGH,pincodes,623525|631004|603203,pages/india/tamil-nadu/kavanur.html,N/A,scripts/build_search_index.py:72,Update search_index.json to support key to array of URLs
CHK_IDX_02,Target URL Collision (Pincodes),HIGH,pincodes,630556|626607,pages/india/tamil-nadu/alagapuri.html,N/A,scripts/build_search_index.py:72,Update search_index.json to support key to array of URLs
CHK_IDX_02,Target URL Collision (Pincodes),HIGH,pincodes,630210|607004,pages/india/tamil-nadu/mpudur.html,N/A,scripts/build_search_index.py:72,Update search_index.json to support key to array of URLs
CHK_IDX_02,Target URL Collision (Pincodes),HIGH,pincodes,630211|638661,pages/india/tamil-nadu/karaiyur.html,N/A,scripts/build_search_index.py:72,Update search_index.json to support key to array of URLs
CHK_IDX_02,Target URL Collision (Pincodes),HIGH,pincodes,625534|636107,pages/india/tamil-nadu/gopalapuram.html,N/A,scripts/build_search_index.py:72,Update search_index.json to support key to array of URLs
CHK_IDX_02,Target URL Collision (Pincodes),HIGH,pincodes,628702|628205|626128,pages/india/tamil-nadu/subramaniapuram.html,N/A,scripts/build_search_index.py:72,Update search_index.json to support key to array of URLs
CHK_IDX_02,Target URL Collision (Pincodes),HIGH,pincodes,628619|629180,pages/india/tamil-nadu/manakarai.html,N/A,scripts/build_search_index.py:72,Update search_index.json to support key to array of URLs
CHK_IDX_02,Target URL Collision (Pincodes),HIGH,pincodes,628210|626124,pages/india/tamil-nadu/anaiyur.html,N/A,scripts/build_search_index.py:72,Update search_index.json to support key to array of URLs
CHK_IDX_02,Target URL Collision (Pincodes),HIGH,pincodes,639203|621014,pages/india/tamil-nadu/ammapatti.html,N/A,scripts/build_search_index.py:72,Update search_index.json to support key to array of URLs
CHK_IDX_02,Target URL Collision (Pincodes),HIGH,pincodes,621302|642202,pages/india/tamil-nadu/mohavanur.html,N/A,scripts/build_search_index.py:72,Update search_index.json to support key to array of URLs
CHK_IDX_02,Target URL Collision (Pincodes),HIGH,pincodes,639119|638701,pages/india/tamil-nadu/keeranur.html,N/A,scripts/build_search_index.py:72,Update search_index.json to support key to array of URLs
CHK_IDX_02,Target URL Collision (Pincodes),HIGH,pincodes,612302|635102|635853|630106|624402,pages/india/tamil-nadu/kottaiyur.html,N/A,scripts/build_search_index.py:72,Update search_index.json to support key to array of URLs
CHK_IDX_02,Target URL Collision (Pincodes),HIGH,pincodes,612105|613204,pages/india/tamil-nadu/anaikudi.html,N/A,scripts/build_search_index.py:72,Update search_index.json to support key to array of URLs
CHK_IDX_02,Target URL Collision (Pincodes),HIGH,pincodes,622102|629801,pages/india/tamil-nadu/vembanur.html,N/A,scripts/build_search_index.py:72,Update search_index.json to support key to array of URLs
CHK_IDX_02,Target URL Collision (Pincodes),HIGH,pincodes,612803|600013,pages/india/tamil-nadu/rayapuram.html,N/A,scripts/build_search_index.py:72,Update search_index.json to support key to array of URLs
CHK_IDX_02,Target URL Collision (Pincodes),HIGH,pincodes,614017|600120,pages/india/tamil-nadu/vallur.html,N/A,scripts/build_search_index.py:72,Update search_index.json to support key to array of URLs
CHK_IDX_02,Target URL Collision (Pincodes),HIGH,pincodes,632518|627761,pages/india/tamil-nadu/panaiyur.html,N/A,scripts/build_search_index.py:72,Update search_index.json to support key to array of URLs
CHK_IDX_02,Target URL Collision (Pincodes),HIGH,pincodes,632318|602106,pages/india/tamil-nadu/mambakkam.html,N/A,scripts/build_search_index.py:72,Update search_index.json to support key to array of URLs
CHK_IDX_02,Target URL Collision (Pincodes),HIGH,pincodes,603101|621731,pages/india/tamil-nadu/reddipalayam.html,N/A,scripts/build_search_index.py:72,Update search_index.json to support key to array of URLs
CHK_IDX_02,Target URL Collision (Pincodes),HIGH,pincodes,603401|600103,pages/india/tamil-nadu/andarkuppam.html,N/A,scripts/build_search_index.py:72,Update search_index.json to support key to array of URLs
CHK_IDX_02,Target URL Collision (Pincodes),HIGH,pincodes,603108|638673,pages/india/tamil-nadu/hanumanthapuram.html,N/A,scripts/build_search_index.py:72,Update search_index.json to support key to array of URLs
CHK_IDX_02,Target URL Collision (Pincodes),HIGH,pincodes,631212|604305,pages/india/tamil-nadu/nallathur.html,N/A,scripts/build_search_index.py:72,Update search_index.json to support key to array of URLs
CHK_IDX_02,Target URL Collision (Pincodes),HIGH,pincodes,605301|624705,pages/india/tamil-nadu/konur.html,N/A,scripts/build_search_index.py:72,Update search_index.json to support key to array of URLs
CHK_IDX_02,Target URL Collision (Pincodes),HIGH,pincodes,604402|639001,pages/india/tamil-nadu/ramakrishnapuram.html,N/A,scripts/build_search_index.py:72,Update search_index.json to support key to array of URLs
CHK_IDX_02,Target URL Collision (Pincodes),HIGH,pincodes,632315|624801,pages/india/tamil-nadu/puthur.html,N/A,scripts/build_search_index.py:72,Update search_index.json to support key to array of URLs
CHK_IDX_02,Target URL Collision (Pincodes),HIGH,pincodes,604408|638454|641407,pages/india/tamil-nadu/arasur.html,N/A,scripts/build_search_index.py:72,Update search_index.json to support key to array of URLs
CHK_IDX_02,Target URL Collision (Pincodes),HIGH,pincodes,606755|621713,pages/india/tamil-nadu/gudalur.html,N/A,scripts/build_search_index.py:72,Update search_index.json to support key to array of URLs
CHK_IDX_02,Target URL Collision (Pincodes),HIGH,pincodes,606702|606208,pages/india/tamil-nadu/alathur.html,N/A,scripts/build_search_index.py:72,Update search_index.json to support key to array of URLs
CHK_IDX_02,Target URL Collision (Pincodes),HIGH,pincodes,632102|638502,pages/india/tamil-nadu/nagalur.html,N/A,scripts/build_search_index.py:72,Update search_index.json to support key to array of URLs
CHK_IDX_02,Target URL Collision (Pincodes),HIGH,pincodes,621704|600064,pages/india/tamil-nadu/hasthinapuram.html,N/A,scripts/build_search_index.py:72,Update search_index.json to support key to array of URLs
CHK_IDX_02,Target URL Collision (Pincodes),HIGH,pincodes,621802|639002,pages/india/tamil-nadu/sengunthapuram.html,N/A,scripts/build_search_index.py:72,Update search_index.json to support key to array of URLs
CHK_IDX_02,Target URL Collision (Pincodes),HIGH,pincodes,641032|636009,pages/india/tamil-nadu/arisipalayam.html,N/A,scripts/build_search_index.py:72,Update search_index.json to support key to array of URLs
CHK_IDX_02,Target URL Collision (Pincodes),HIGH,pincodes,638752|637401,pages/india/tamil-nadu/anaipalayam.html,N/A,scripts/build_search_index.py:72,Update search_index.json to support key to array of URLs
CHK_IDX_02,Target URL Collision (Pincodes),HIGH,pincodes,637411|624101,pages/india/tamil-nadu/adukkam.html,N/A,scripts/build_search_index.py:72,Update search_index.json to support key to array of URLs
CHK_IDX_02,Target URL Collision (Pincodes),HIGH,pincodes,638008|638105,pages/india/tamil-nadu/alampalayam.html,N/A,scripts/build_search_index.py:72,Update search_index.json to support key to array of URLs
CHK_IDX_02,Target URL Collision (Pincodes),HIGH,pincodes,637207|621002,pages/india/tamil-nadu/kirambur.html,N/A,scripts/build_search_index.py:72,Update search_index.json to support key to array of URLs
CHK_IDX_02,Target URL Collision (Pincodes),HIGH,pincodes,642122|638153,pages/india/tamil-nadu/ganapathipalayam.html,N/A,scripts/build_search_index.py:72,Update search_index.json to support key to array of URLs
CHK_IDX_02,Target URL Collision (Pincodes),HIGH,pincodes,638108|641669,pages/india/tamil-nadu/komarapalayam.html,N/A,scripts/build_search_index.py:72,Update search_index.json to support key to array of URLs
CHK_IDX_02,Target URL Collision (Pincodes),HIGH,pincodes,624303|626130,pages/india/tamil-nadu/alamarathupatti.html,N/A,scripts/build_search_index.py:72,Update search_index.json to support key to array of URLs
CHK_IDX_02,Target URL Collision (Pincodes),HIGH,pincodes,625523|626127|630105,pages/india/tamil-nadu/lakshmipuram.html,N/A,scripts/build_search_index.py:72,Update search_index.json to support key to array of URLs
CHK_IDX_02,Target URL Collision (Pincodes),HIGH,pincodes,610003|609304,pages/india/tamil-nadu/kidarankondan.html,N/A,scripts/build_search_index.py:72,Update search_index.json to support key to array of URLs
CHK_IDX_02,Target URL Collision (Pincodes),HIGH,pincodes,621210|641301,pages/india/tamil-nadu/mettupalayam.html,N/A,scripts/build_search_index.py:72,Update search_index.json to support key to array of URLs
CHK_IDX_02,Target URL Collision (Pincodes),HIGH,pincodes,603304|600099,pages/india/tamil-nadu/kolathur.html,N/A,scripts/build_search_index.py:72,Update search_index.json to support key to array of URLs
CHK_IDX_02,Target URL Collision (Pincodes),HIGH,pincodes,629704|614208,pages/india/tamil-nadu/nallur.html,N/A,scripts/build_search_index.py:72,Update search_index.json to support key to array of URLs
CHK_IDX_02,Target URL Collision (Pincodes),HIGH,pincodes,503112|502334,pages/india/telangana/ghanpur.html,N/A,scripts/build_search_index.py:72,Update search_index.json to support key to array of URLs
CHK_IDX_02,Target URL Collision (Pincodes),HIGH,pincodes,503207|504109,pages/india/telangana/kallur.html,N/A,scripts/build_search_index.py:72,Update search_index.json to support key to array of URLs
CHK_IDX_02,Target URL Collision (Pincodes),HIGH,pincodes,502314|503206,pages/india/telangana/chandur.html,N/A,scripts/build_search_index.py:72,Update search_index.json to support key to array of URLs
CHK_IDX_02,Target URL Collision (Pincodes),HIGH,pincodes,505481|501509|505451,pages/india/telangana/kothapalli.html,N/A,scripts/build_search_index.py:72,Update search_index.json to support key to array of URLs
CHK_IDX_02,Target URL Collision (Pincodes),HIGH,pincodes,502286|506367,pages/india/telangana/lingapur.html,N/A,scripts/build_search_index.py:72,Update search_index.json to support key to array of URLs
CHK_IDX_02,Target URL Collision (Pincodes),HIGH,pincodes,506342|506013,pages/india/telangana/laxmipur.html,N/A,scripts/build_search_index.py:72,Update search_index.json to support key to array of URLs
CHK_IDX_02,Target URL Collision (Pincodes),HIGH,pincodes,505425|505305|503122|505527,pages/india/telangana/thimmapur.html,N/A,scripts/build_search_index.py:72,Update search_index.json to support key to array of URLs
CHK_IDX_02,Target URL Collision (Pincodes),HIGH,pincodes,505530|502310,pages/india/telangana/mylaram.html,N/A,scripts/build_search_index.py:72,Update search_index.json to support key to array of URLs
CHK_IDX_02,Target URL Collision (Pincodes),HIGH,pincodes,502291|502321|505330,pages/india/telangana/venkatapur.html,N/A,scripts/build_search_index.py:72,Update search_index.json to support key to array of URLs
CHK_IDX_02,Target URL Collision (Pincodes),HIGH,pincodes,506371|506169|501218|506325|500083,pages/india/telangana/nagaram.html,N/A,scripts/build_search_index.py:72,Update search_index.json to support key to array of URLs
CHK_IDX_02,Target URL Collision (Pincodes),HIGH,pincodes,506301|503217,pages/india/telangana/fathepur.html,N/A,scripts/build_search_index.py:72,Update search_index.json to support key to array of URLs
CHK_IDX_02,Target URL Collision (Pincodes),HIGH,pincodes,503124|502290|501508|500019,pages/india/telangana/lingampalli.html,N/A,scripts/build_search_index.py:72,Update search_index.json to support key to array of URLs
CHK_IDX_02,Target URL Collision (Pincodes),HIGH,pincodes,506344|503218,pages/india/telangana/bussapur.html,N/A,scripts/build_search_index.py:72,Update search_index.json to support key to array of URLs
CHK_IDX_02,Target URL Collision (Pincodes),HIGH,pincodes,506343|503003,pages/india/telangana/madanpalli.html,N/A,scripts/build_search_index.py:72,Update search_index.json to support key to array of URLs
CHK_IDX_02,Target URL Collision (Pincodes),HIGH,pincodes,505303|506316,pages/india/telangana/kondapur.html,N/A,scripts/build_search_index.py:72,Update search_index.json to support key to array of URLs
CHK_IDX_02,Target URL Collision (Pincodes),HIGH,pincodes,505452|505467,pages/india/telangana/potharam.html,N/A,scripts/build_search_index.py:72,Update search_index.json to support key to array of URLs
CHK_IDX_02,Target URL Collision (Pincodes),HIGH,pincodes,502293|509152,pages/india/telangana/baswapur.html,N/A,scripts/build_search_index.py:72,Update search_index.json to support key to array of URLs
CHK_IDX_02,Target URL Collision (Pincodes),HIGH,pincodes,505466|502115,pages/india/telangana/akkannapet.html,N/A,scripts/build_search_index.py:72,Update search_index.json to support key to array of URLs
CHK_IDX_02,Target URL Collision (Pincodes),HIGH,pincodes,509337|505188,pages/india/telangana/julapalli.html,N/A,scripts/build_search_index.py:72,Update search_index.json to support key to array of URLs
CHK_IDX_02,Target URL Collision (Pincodes),HIGH,pincodes,508002|501301,pages/india/telangana/cherlapalli.html,N/A,scripts/build_search_index.py:72,Update search_index.json to support key to array of URLs
CHK_IDX_02,Target URL Collision (Pincodes),HIGH,pincodes,503110|503186,pages/india/telangana/gundaram.html,N/A,scripts/build_search_index.py:72,Update search_index.json to support key to array of URLs
CHK_IDX_02,Target URL Collision (Pincodes),HIGH,pincodes,505209|506167,pages/india/telangana/jangaon.html,N/A,scripts/build_search_index.py:72,Update search_index.json to support key to array of URLs
CHK_IDX_02,Target URL Collision (Pincodes),HIGH,pincodes,508278|508221,pages/india/telangana/mukundapuram.html,N/A,scripts/build_search_index.py:72,Update search_index.json to support key to array of URLs
CHK_IDX_02,Target URL Collision (Pincodes),HIGH,pincodes,500119|500089,pages/india/telangana/narsingi.html,N/A,scripts/build_search_index.py:72,Update search_index.json to support key to array of URLs
CHK_IDX_02,Target URL Collision (Pincodes),HIGH,pincodes,505212|500016,pages/india/telangana/begumpet.html,N/A,scripts/build_search_index.py:72,Update search_index.json to support key to array of URLs
CHK_IDX_02,Target URL Collision (Pincodes),HIGH,pincodes,212216|281205|225126,pages/india/uttar-pradesh/hasanpur.html,N/A,scripts/build_search_index.py:72,Update search_index.json to support key to array of URLs
CHK_IDX_02,Target URL Collision (Pincodes),HIGH,pincodes,244001|212218,pages/india/uttar-pradesh/noorpur.html,N/A,scripts/build_search_index.py:72,Update search_index.json to support key to array of URLs
CHK_IDX_02,Target URL Collision (Pincodes),HIGH,pincodes,233307|242127,pages/india/uttar-pradesh/bikrampur.html,N/A,scripts/build_search_index.py:72,Update search_index.json to support key to array of URLs
CHK_IDX_02,Target URL Collision (Pincodes),HIGH,pincodes,233233|241404|274001,pages/india/uttar-pradesh/deoria.html,N/A,scripts/build_search_index.py:72,Update search_index.json to support key to array of URLs
CHK_IDX_02,Target URL Collision (Pincodes),HIGH,pincodes,233226|244235,pages/india/uttar-pradesh/bijaura.html,N/A,scripts/build_search_index.py:72,Update search_index.json to support key to array of URLs
CHK_IDX_02,Target URL Collision (Pincodes),HIGH,pincodes,233223|232102,pages/india/uttar-pradesh/gauri.html,N/A,scripts/build_search_index.py:72,Update search_index.json to support key to array of URLs
CHK_IDX_02,Target URL Collision (Pincodes),HIGH,pincodes,223101|274808,pages/india/uttar-pradesh/bakuchi.html,N/A,scripts/build_search_index.py:72,Update search_index.json to support key to array of URLs
CHK_IDX_02,Target URL Collision (Pincodes),HIGH,pincodes,231304|274407,pages/india/uttar-pradesh/bagahi.html,N/A,scripts/build_search_index.py:72,Update search_index.json to support key to array of URLs
CHK_IDX_02,Target URL Collision (Pincodes),HIGH,pincodes,230501|221303,pages/india/uttar-pradesh/bhawanipur.html,N/A,scripts/build_search_index.py:72,Update search_index.json to support key to array of URLs
CHK_IDX_02,Target URL Collision (Pincodes),HIGH,pincodes,229408|284122,pages/india/uttar-pradesh/alapur.html,N/A,scripts/build_search_index.py:72,Update search_index.json to support key to array of URLs
CHK_IDX_02,Target URL Collision (Pincodes),HIGH,pincodes,230204|285223,pages/india/uttar-pradesh/aindha.html,N/A,scripts/build_search_index.py:72,Update search_index.json to support key to array of URLs
CHK_IDX_02,Target URL Collision (Pincodes),HIGH,pincodes,243303|273151,pages/india/uttar-pradesh/basantpur.html,N/A,scripts/build_search_index.py:72,Update search_index.json to support key to array of URLs
CHK_IDX_02,Target URL Collision (Pincodes),HIGH,pincodes,262122|212665,pages/india/uttar-pradesh/abhaipur.html,N/A,scripts/build_search_index.py:72,Update search_index.json to support key to array of URLs
CHK_IDX_02,Target URL Collision (Pincodes),HIGH,pincodes,243727|224117,pages/india/uttar-pradesh/neora.html,N/A,scripts/build_search_index.py:72,Update search_index.json to support key to array of URLs
CHK_IDX_02,Target URL Collision (Pincodes),HIGH,pincodes,243726|275303,pages/india/uttar-pradesh/gotha.html,N/A,scripts/build_search_index.py:72,Update search_index.json to support key to array of URLs
CHK_IDX_02,Target URL Collision (Pincodes),HIGH,pincodes,241125|212653,pages/india/uttar-pradesh/allipur.html,N/A,scripts/build_search_index.py:72,Update search_index.json to support key to array of URLs
CHK_IDX_02,Target URL Collision (Pincodes),HIGH,pincodes,241202|229130,pages/india/uttar-pradesh/hazipur.html,N/A,scripts/build_search_index.py:72,Update search_index.json to support key to array of URLs
CHK_IDX_02,Target URL Collision (Pincodes),HIGH,pincodes,241402|209652|226203,pages/india/uttar-pradesh/arjunpur.html,N/A,scripts/build_search_index.py:72,Update search_index.json to support key to array of URLs
CHK_IDX_02,Target URL Collision (Pincodes),HIGH,pincodes,241403|271401,pages/india/uttar-pradesh/adampur.html,N/A,scripts/build_search_index.py:72,Update search_index.json to support key to array of URLs
CHK_IDX_02,Target URL Collision (Pincodes),HIGH,pincodes,261501|285203|207250,pages/india/uttar-pradesh/alipur.html,N/A,scripts/build_search_index.py:72,Update search_index.json to support key to array of URLs
CHK_IDX_02,Target URL Collision (Pincodes),HIGH,pincodes,261506|276142|209866,pages/india/uttar-pradesh/gaura.html,N/A,scripts/build_search_index.py:72,Update search_index.json to support key to array of URLs
CHK_IDX_02,Target URL Collision (Pincodes),HIGH,pincodes,250101|226101,pages/india/uttar-pradesh/baragaon.html,N/A,scripts/build_search_index.py:72,Update search_index.json to support key to array of URLs
CHK_IDX_02,Target URL Collision (Pincodes),HIGH,pincodes,244922|277302,pages/india/uttar-pradesh/bara-gaon.html,N/A,scripts/build_search_index.py:72,Update search_index.json to support key to array of URLs
CHK_IDX_02,Target URL Collision (Pincodes),HIGH,pincodes,247662|247552,pages/india/uttar-pradesh/biharigarh.html,N/A,scripts/build_search_index.py:72,Update search_index.json to support key to array of URLs
CHK_IDX_02,Target URL Collision (Pincodes),HIGH,pincodes,242220|261131,pages/india/uttar-pradesh/ashrafpur.html,N/A,scripts/build_search_index.py:72,Update search_index.json to support key to array of URLs
CHK_IDX_02,Target URL Collision (Pincodes),HIGH,pincodes,242221|210209|222302,pages/india/uttar-pradesh/barua.html,N/A,scripts/build_search_index.py:72,Update search_index.json to support key to array of URLs
CHK_IDX_02,Target URL Collision (Pincodes),HIGH,pincodes,242405|224230,pages/india/uttar-pradesh/chandpur.html,N/A,scripts/build_search_index.py:72,Update search_index.json to support key to array of URLs
CHK_IDX_02,Target URL Collision (Pincodes),HIGH,pincodes,276301|274509,pages/india/uttar-pradesh/ahirauli.html,N/A,scripts/build_search_index.py:72,Update search_index.json to support key to array of URLs
CHK_IDX_02,Target URL Collision (Pincodes),HIGH,pincodes,277203|203001,pages/india/uttar-pradesh/salempur.html,N/A,scripts/build_search_index.py:72,Update search_index.json to support key to array of URLs
CHK_IDX_02,Target URL Collision (Pincodes),HIGH,pincodes,202126|201304,pages/india/uttar-pradesh/baraula.html,N/A,scripts/build_search_index.py:72,Update search_index.json to support key to array of URLs
CHK_IDX_02,Target URL Collision (Pincodes),HIGH,pincodes,284303|261304,pages/india/uttar-pradesh/atariya.html,N/A,scripts/build_search_index.py:72,Update search_index.json to support key to array of URLs
CHK_IDX_02,Target URL Collision (Pincodes),HIGH,pincodes,285126|224164,pages/india/uttar-pradesh/chitaura.html,N/A,scripts/build_search_index.py:72,Update search_index.json to support key to array of URLs
CHK_IDX_02,Target URL Collision (Pincodes),HIGH,pincodes,205001|271824,pages/india/uttar-pradesh/kapoorpur.html,N/A,scripts/build_search_index.py:72,Update search_index.json to support key to array of URLs
CHK_IDX_02,Target URL Collision (Pincodes),HIGH,pincodes,205268|225120,pages/india/uttar-pradesh/mohabbatpur.html,N/A,scripts/build_search_index.py:72,Update search_index.json to support key to array of URLs
CHK_IDX_02,Target URL Collision (Pincodes),HIGH,pincodes,271312|225415,pages/india/uttar-pradesh/bangawan.html,N/A,scripts/build_search_index.py:72,Update search_index.json to support key to array of URLs
CHK_IDX_02,Target URL Collision (Pincodes),HIGH,pincodes,271305|212651,pages/india/uttar-pradesh/mawai.html,N/A,scripts/build_search_index.py:72,Update search_index.json to support key to array of URLs
CHK_IDX_02,Target URL Collision (Pincodes),HIGH,pincodes,209502|211003,pages/india/uttar-pradesh/ahmadganj.html,N/A,scripts/build_search_index.py:72,Update search_index.json to support key to array of URLs
CHK_IDX_02,Target URL Collision (Pincodes),HIGH,pincodes,209727|224153,pages/india/uttar-pradesh/barauli.html,N/A,scripts/build_search_index.py:72,Update search_index.json to support key to array of URLs
CHK_IDX_02,Target URL Collision (Pincodes),HIGH,pincodes,212652|224125,pages/india/uttar-pradesh/bandipur.html,N/A,scripts/build_search_index.py:72,Update search_index.json to support key to array of URLs
CHK_IDX_02,Target URL Collision (Pincodes),HIGH,pincodes,225122|230130,pages/india/uttar-pradesh/laxmanpur.html,N/A,scripts/build_search_index.py:72,Update search_index.json to support key to array of URLs
CHK_IDX_02,Target URL Collision (Pincodes),HIGH,pincodes,226302|225119,pages/india/uttar-pradesh/dayalpur.html,N/A,scripts/build_search_index.py:72,Update search_index.json to support key to array of URLs
CHK_IDX_02,Target URL Collision (Pincodes),HIGH,pincodes,229316|230142,pages/india/uttar-pradesh/ahiyapur.html,N/A,scripts/build_search_index.py:72,Update search_index.json to support key to array of URLs
CHK_IDX_02,Target URL Collision (Pincodes),HIGH,pincodes,249141|246422,pages/india/uttarakhand/hanuman-chatti.html,N/A,scripts/build_search_index.py:72,Update search_index.json to support key to array of URLs
CHK_IDX_02,Target URL Collision (Pincodes),HIGH,pincodes,249146|246141,pages/india/uttarakhand/jakholi.html,N/A,scripts/build_search_index.py:72,Update search_index.json to support key to array of URLs
CHK_IDX_02,Target URL Collision (Pincodes),HIGH,pincodes,712410|713324,pages/india/west-bengal/ramnagar.html,N/A,scripts/build_search_index.py:72,Update search_index.json to support key to array of URLs
CHK_IDX_02,Target URL Collision (Pincodes),HIGH,pincodes,743289|721150,pages/india/west-bengal/ghoshpur.html,N/A,scripts/build_search_index.py:72,Update search_index.json to support key to array of URLs
CHK_IDX_02,Target URL Collision (Pincodes),HIGH,pincodes,721212|731215,pages/india/west-bengal/bandar.html,N/A,scripts/build_search_index.py:72,Update search_index.json to support key to array of URLs
CHK_IDX_02,Target URL Collision (Pincodes),HIGH,pincodes,713201|741506,pages/india/west-bengal/durgapur.html,N/A,scripts/build_search_index.py:72,Update search_index.json to support key to array of URLs
CHK_IDX_02,Target URL Collision (Pincodes),HIGH,pincodes,731104|711310|700038,pages/india/west-bengal/sahapur.html,N/A,scripts/build_search_index.py:72,Update search_index.json to support key to array of URLs
CHK_IDX_02,Target URL Collision (Pincodes),HIGH,pincodes,731127|722140,pages/india/west-bengal/baidyanathpur.html,N/A,scripts/build_search_index.py:72,Update search_index.json to support key to array of URLs
CHK_IDX_02,Target URL Collision (Pincodes),HIGH,pincodes,731304|722136,pages/india/west-bengal/bhatra.html,N/A,scripts/build_search_index.py:72,Update search_index.json to support key to array of URLs
CHK_IDX_02,Target URL Collision (Pincodes),HIGH,pincodes,742134|743395,pages/india/west-bengal/chaitanyapur.html,N/A,scripts/build_search_index.py:72,Update search_index.json to support key to array of URLs
CHK_IDX_02,Target URL Collision (Pincodes),HIGH,pincodes,742135|732201|713362,pages/india/west-bengal/bahadurpur.html,N/A,scripts/build_search_index.py:72,Update search_index.json to support key to array of URLs
CHK_IDX_02,Target URL Collision (Pincodes),HIGH,pincodes,741505|733210,pages/india/west-bengal/betna.html,N/A,scripts/build_search_index.py:72,Update search_index.json to support key to array of URLs
CHK_IDX_02,Target URL Collision (Pincodes),HIGH,pincodes,700145|743248,pages/india/west-bengal/bamangachi.html,N/A,scripts/build_search_index.py:72,Update search_index.json to support key to array of URLs
CHK_IDX_02,Target URL Collision (Pincodes),HIGH,pincodes,743357|722144,pages/india/west-bengal/baliara.html,N/A,scripts/build_search_index.py:72,Update search_index.json to support key to array of URLs
CHK_IDX_02,Target URL Collision (Pincodes),HIGH,pincodes,736207|742113,pages/india/west-bengal/rampur.html,N/A,scripts/build_search_index.py:72,Update search_index.json to support key to array of URLs
CHK_IDX_02,Target URL Collision (Pincodes),HIGH,pincodes,732102|712701,pages/india/west-bengal/haripur.html,N/A,scripts/build_search_index.py:72,Update search_index.json to support key to array of URLs
CHK_IDX_02,Target URL Collision (Pincodes),HIGH,pincodes,713212|713131,pages/india/west-bengal/bamunara.html,N/A,scripts/build_search_index.py:72,Update search_index.json to support key to array of URLs
CHK_IDX_02,Target URL Collision (Pincodes),HIGH,pincodes,722207|721160,pages/india/west-bengal/radhamohanpur.html,N/A,scripts/build_search_index.py:72,Update search_index.json to support key to array of URLs
CHK_IDX_02,Target URL Collision (Pincodes),HIGH,pincodes,711302|712137,pages/india/west-bengal/gondalpara.html,N/A,scripts/build_search_index.py:72,Update search_index.json to support key to array of URLs
CHK_IDX_02,Target URL Collision (Pincodes),HIGH,pincodes,743136|735216,pages/india/west-bengal/nabanagar.html,N/A,scripts/build_search_index.py:72,Update search_index.json to support key to array of URLs
CHK_IDX_02,Target URL Collision (Pincodes),HIGH,pincodes,713211|721638,pages/india/west-bengal/gopinathpur.html,N/A,scripts/build_search_index.py:72,Update search_index.json to support key to array of URLs
CHK_IDX_02,Target URL Collision (Pincodes),HIGH,pincodes,36066|36067|36068,pages/usa/Alabama/prattville.html,N/A,scripts/build_search_index.py:72,Update search_index.json to support key to array of URLs
CHK_IDX_02,Target URL Collision (Pincodes),HIGH,pincodes,36527|36577,pages/usa/Alabama/spanish-fort.html,N/A,scripts/build_search_index.py:72,Update search_index.json to support key to array of URLs
CHK_IDX_02,Target URL Collision (Pincodes),HIGH,pincodes,36532|36533,pages/usa/Alabama/fairhope.html,N/A,scripts/build_search_index.py:72,Update search_index.json to support key to array of URLs
CHK_IDX_02,Target URL Collision (Pincodes),HIGH,pincodes,36535|36536,pages/usa/Alabama/foley.html,N/A,scripts/build_search_index.py:72,Update search_index.json to support key to array of URLs
CHK_IDX_02,Target URL Collision (Pincodes),HIGH,pincodes,36542|36547,pages/usa/Alabama/gulf-shores.html,N/A,scripts/build_search_index.py:72,Update search_index.json to support key to array of URLs
CHK_IDX_02,Target URL Collision (Pincodes),HIGH,pincodes,36027|36072,pages/usa/Alabama/eufaula.html,N/A,scripts/build_search_index.py:72,Update search_index.json to support key to array of URLs
CHK_IDX_02,Target URL Collision (Pincodes),HIGH,pincodes,36201|36202|36204|36205|36206,pages/usa/Alabama/anniston.html,N/A,scripts/build_search_index.py:72,Update search_index.json to support key to array of URLs
CHK_IDX_02,Target URL Collision (Pincodes),HIGH,pincodes,36854|36872,pages/usa/Alabama/valley.html,N/A,scripts/build_search_index.py:72,Update search_index.json to support key to array of URLs
CHK_IDX_02,Target URL Collision (Pincodes),HIGH,pincodes,35045|35046,pages/usa/Alabama/clanton.html,N/A,scripts/build_search_index.py:72,Update search_index.json to support key to array of URLs
CHK_IDX_02,Target URL Collision (Pincodes),HIGH,pincodes,36330|36331,pages/usa/Alabama/enterprise.html,N/A,scripts/build_search_index.py:72,Update search_index.json to support key to array of URLs
CHK_IDX_02,Target URL Collision (Pincodes),HIGH,pincodes,35661|35662,pages/usa/Alabama/muscle-shoals.html,N/A,scripts/build_search_index.py:72,Update search_index.json to support key to array of URLs
CHK_IDX_02,Target URL Collision (Pincodes),HIGH,pincodes,36420|36421,pages/usa/Alabama/andalusia.html,N/A,scripts/build_search_index.py:72,Update search_index.json to support key to array of URLs
CHK_IDX_02,Target URL Collision (Pincodes),HIGH,pincodes,35055|35056|35057|35058,pages/usa/Alabama/cullman.html,N/A,scripts/build_search_index.py:72,Update search_index.json to support key to array of URLs
CHK_IDX_02,Target URL Collision (Pincodes),HIGH,pincodes,36360|36361,pages/usa/Alabama/ozark.html,N/A,scripts/build_search_index.py:72,Update search_index.json to support key to array of URLs
CHK_IDX_02,Target URL Collision (Pincodes),HIGH,pincodes,36701|36702|36703,pages/usa/Alabama/selma.html,N/A,scripts/build_search_index.py:72,Update search_index.json to support key to array of URLs
CHK_IDX_02,Target URL Collision (Pincodes),HIGH,pincodes,35967|35968,pages/usa/Alabama/fort-payne.html,N/A,scripts/build_search_index.py:72,Update search_index.json to support key to array of URLs
CHK_IDX_02,Target URL Collision (Pincodes),HIGH,pincodes,36092|36093,pages/usa/Alabama/wetumpka.html,N/A,scripts/build_search_index.py:72,Update search_index.json to support key to array of URLs
CHK_IDX_02,Target URL Collision (Pincodes),HIGH,pincodes,36426|36427,pages/usa/Alabama/brewton.html,N/A,scripts/build_search_index.py:72,Update search_index.json to support key to array of URLs
CHK_IDX_02,Target URL Collision (Pincodes),HIGH,pincodes,36502|36503|36504,pages/usa/Alabama/atmore.html,N/A,scripts/build_search_index.py:72,Update search_index.json to support key to array of URLs
CHK_IDX_02,Target URL Collision (Pincodes),HIGH,pincodes,35901|35902|35903|35904|35905,pages/usa/Alabama/gadsden.html,N/A,scripts/build_search_index.py:72,Update search_index.json to support key to array of URLs
CHK_IDX_02,Target URL Collision (Pincodes),HIGH,pincodes,35653|35654,pages/usa/Alabama/russellville.html,N/A,scripts/build_search_index.py:72,Update search_index.json to support key to array of URLs
CHK_IDX_02,Target URL Collision (Pincodes),HIGH,pincodes,36301|36302|36303|36304|36305,pages/usa/Alabama/dothan.html,N/A,scripts/build_search_index.py:72,Update search_index.json to support key to array of URLs
CHK_IDX_02,Target URL Collision (Pincodes),HIGH,pincodes,35768|35769,pages/usa/Alabama/scottsboro.html,N/A,scripts/build_search_index.py:72,Update search_index.json to support key to array of URLs
CHK_IDX_02,Target URL Collision (Pincodes),HIGH,pincodes,35020|35021|35022|35023,pages/usa/Alabama/bessemer.html,N/A,scripts/build_search_index.py:72,Update search_index.json to support key to array of URLs
CHK_IDX_02,Target URL Collision (Pincodes),HIGH,pincodes,35201|35202|35203|35204|35205,pages/usa/Alabama/birmingham.html,N/A,scripts/build_search_index.py:72,Update search_index.json to support key to array of URLs
CHK_IDX_02,Target URL Collision (Pincodes),HIGH,pincodes,35630|35631|35632|35633|35634,pages/usa/Alabama/florence.html,N/A,scripts/build_search_index.py:72,Update search_index.json to support key to array of URLs
CHK_IDX_02,Target URL Collision (Pincodes),HIGH,pincodes,36801|36802|36803|36804,pages/usa/Alabama/opelika.html,N/A,scripts/build_search_index.py:72,Update search_index.json to support key to array of URLs
CHK_IDX_02,Target URL Collision (Pincodes),HIGH,pincodes,36830|36831|36832,pages/usa/Alabama/auburn.html,N/A,scripts/build_search_index.py:72,Update search_index.json to support key to array of URLs
CHK_IDX_02,Target URL Collision (Pincodes),HIGH,pincodes,35611|35612|35613|35614,pages/usa/Alabama/athens.html,N/A,scripts/build_search_index.py:72,Update search_index.json to support key to array of URLs
CHK_IDX_02,Target URL Collision (Pincodes),HIGH,pincodes,36087|36088,pages/usa/Alabama/tuskegee-institute.html,N/A,scripts/build_search_index.py:72,Update search_index.json to support key to array of URLs
CHK_IDX_02,Target URL Collision (Pincodes),HIGH,pincodes,35756|35757|35758,pages/usa/Alabama/madison.html,N/A,scripts/build_search_index.py:72,Update search_index.json to support key to array of URLs
CHK_IDX_02,Target URL Collision (Pincodes),HIGH,pincodes,35801|35802|35803|35804|35805,pages/usa/Alabama/huntsville.html,N/A,scripts/build_search_index.py:72,Update search_index.json to support key to array of URLs
CHK_IDX_02,Target URL Collision (Pincodes),HIGH,pincodes,35950|35951,pages/usa/Alabama/albertville.html,N/A,scripts/build_search_index.py:72,Update search_index.json to support key to array of URLs
CHK_IDX_02,Target URL Collision (Pincodes),HIGH,pincodes,35956|35957,pages/usa/Alabama/boaz.html,N/A,scripts/build_search_index.py:72,Update search_index.json to support key to array of URLs
CHK_IDX_02,Target URL Collision (Pincodes),HIGH,pincodes,36582|36590,pages/usa/Alabama/theodore.html,N/A,scripts/build_search_index.py:72,Update search_index.json to support key to array of URLs
CHK_IDX_02,Target URL Collision (Pincodes),HIGH,pincodes,36601|36602|36603|36604|36605,pages/usa/Alabama/mobile.html,N/A,scripts/build_search_index.py:72,Update search_index.json to support key to array of URLs
CHK_IDX_02,Target URL Collision (Pincodes),HIGH,pincodes,36460|36461,pages/usa/Alabama/monroeville.html,N/A,scripts/build_search_index.py:72,Update search_index.json to support key to array of URLs
CHK_IDX_02,Target URL Collision (Pincodes),HIGH,pincodes,36101|36102|36103|36104|36105,pages/usa/Alabama/montgomery.html,N/A,scripts/build_search_index.py:72,Update search_index.json to support key to array of URLs
CHK_IDX_02,Target URL Collision (Pincodes),HIGH,pincodes,35601|35602|35603|35609|35699,pages/usa/Alabama/decatur.html,N/A,scripts/build_search_index.py:72,Update search_index.json to support key to array of URLs
CHK_IDX_02,Target URL Collision (Pincodes),HIGH,pincodes,36079|36081|36082,pages/usa/Alabama/troy.html,N/A,scripts/build_search_index.py:72,Update search_index.json to support key to array of URLs
CHK_IDX_02,Target URL Collision (Pincodes),HIGH,pincodes,36867|36868|36869|36870,pages/usa/Alabama/phenix-city.html,N/A,scripts/build_search_index.py:72,Update search_index.json to support key to array of URLs
CHK_IDX_02,Target URL Collision (Pincodes),HIGH,pincodes,35125|35128,pages/usa/Alabama/pell-city.html,N/A,scripts/build_search_index.py:72,Update search_index.json to support key to array of URLs
CHK_IDX_02,Target URL Collision (Pincodes),HIGH,pincodes,35150|35151,pages/usa/Alabama/sylacauga.html,N/A,scripts/build_search_index.py:72,Update search_index.json to support key to array of URLs
CHK_IDX_02,Target URL Collision (Pincodes),HIGH,pincodes,35160|35161,pages/usa/Alabama/talladega.html,N/A,scripts/build_search_index.py:72,Update search_index.json to support key to array of URLs
CHK_IDX_02,Target URL Collision (Pincodes),HIGH,pincodes,35010|35011,pages/usa/Alabama/alexander-city.html,N/A,scripts/build_search_index.py:72,Update search_index.json to support key to array of URLs
CHK_IDX_02,Target URL Collision (Pincodes),HIGH,pincodes,35401|35402|35403|35404|35405,pages/usa/Alabama/tuscaloosa.html,N/A,scripts/build_search_index.py:72,Update search_index.json to support key to array of URLs
CHK_IDX_02,Target URL Collision (Pincodes),HIGH,pincodes,35473|35475|35476,pages/usa/Alabama/northport.html,N/A,scripts/build_search_index.py:72,Update search_index.json to support key to array of URLs
CHK_IDX_02,Target URL Collision (Pincodes),HIGH,pincodes,35501|35502|35503|35504,pages/usa/Alabama/jasper.html,N/A,scripts/build_search_index.py:72,Update search_index.json to support key to array of URLs
CHK_IDX_02,Target URL Collision (Pincodes),HIGH,pincodes,99501|99502|99503|99504|99507,pages/usa/Alaska/anchorage.html,N/A,scripts/build_search_index.py:72,Update search_index.json to support key to array of URLs
CHK_IDX_02,Target URL Collision (Pincodes),HIGH,pincodes,99505|99506,pages/usa/Alaska/jber.html,N/A,scripts/build_search_index.py:72,Update search_index.json to support key to array of URLs
CHK_IDX_02,Target URL Collision (Pincodes),HIGH,pincodes,99701|99706|99707|99708|99709,pages/usa/Alaska/fairbanks.html,N/A,scripts/build_search_index.py:72,Update search_index.json to support key to array of URLs
CHK_IDX_02,Target URL Collision (Pincodes),HIGH,pincodes,99801|99802|99803|99811|99812,pages/usa/Alaska/juneau.html,N/A,scripts/build_search_index.py:72,Update search_index.json to support key to array of URLs
CHK_IDX_02,Target URL Collision (Pincodes),HIGH,pincodes,99901|99950,pages/usa/Alaska/ketchikan.html,N/A,scripts/build_search_index.py:72,Update search_index.json to support key to array of URLs
CHK_IDX_02,Target URL Collision (Pincodes),HIGH,pincodes,99615|99619|99697,pages/usa/Alaska/kodiak.html,N/A,scripts/build_search_index.py:72,Update search_index.json to support key to array of URLs
CHK_IDX_02,Target URL Collision (Pincodes),HIGH,pincodes,99623|99629|99654|99687,pages/usa/Alaska/wasilla.html,N/A,scripts/build_search_index.py:72,Update search_index.json to support key to array of URLs
CHK_IDX_02,Target URL Collision (Pincodes),HIGH,pincodes,85607|85608|85655,pages/usa/Arizona/douglas.html,N/A,scripts/build_search_index.py:72,Update search_index.json to support key to array of URLs
CHK_IDX_02,Target URL Collision (Pincodes),HIGH,pincodes,85613|85670,pages/usa/Arizona/fort-huachuca.html,N/A,scripts/build_search_index.py:72,Update search_index.json to support key to array of URLs
CHK_IDX_02,Target URL Collision (Pincodes),HIGH,pincodes,85635|85636|85650|85671,pages/usa/Arizona/sierra-vista.html,N/A,scripts/build_search_index.py:72,Update search_index.json to support key to array of URLs
CHK_IDX_02,Target URL Collision (Pincodes),HIGH,pincodes,85643|85644,pages/usa/Arizona/willcox.html,N/A,scripts/build_search_index.py:72,Update search_index.json to support key to array of URLs
CHK_IDX_02,Target URL Collision (Pincodes),HIGH,pincodes,86001|86002|86003|86004|86005,pages/usa/Arizona/flagstaff.html,N/A,scripts/build_search_index.py:72,Update search_index.json to support key to array of URLs
CHK_IDX_02,Target URL Collision (Pincodes),HIGH,pincodes,86336|86339|86351|86340|86341,pages/usa/Arizona/sedona.html,N/A,scripts/build_search_index.py:72,Update search_index.json to support key to array of URLs
CHK_IDX_02,Target URL Collision (Pincodes),HIGH,pincodes,85501|85502,pages/usa/Arizona/globe.html,N/A,scripts/build_search_index.py:72,Update search_index.json to support key to array of URLs
CHK_IDX_02,Target URL Collision (Pincodes),HIGH,pincodes,85541|85547,pages/usa/Arizona/payson.html,N/A,scripts/build_search_index.py:72,Update search_index.json to support key to array of URLs
CHK_IDX_02,Target URL Collision (Pincodes),HIGH,pincodes,85546|85548,pages/usa/Arizona/safford.html,N/A,scripts/build_search_index.py:72,Update search_index.json to support key to array of URLs
CHK_IDX_02,Target URL Collision (Pincodes),HIGH,pincodes,85346|85359,pages/usa/Arizona/quartzsite.html,N/A,scripts/build_search_index.py:72,Update search_index.json to support key to array of URLs
CHK_IDX_02,Target URL Collision (Pincodes),HIGH,pincodes,85001|85002|85003|85004|85005,pages/usa/Arizona/phoenix.html,N/A,scripts/build_search_index.py:72,Update search_index.json to support key to array of URLs
CHK_IDX_02,Target URL Collision (Pincodes),HIGH,pincodes,85201|85202|85203|85204|85205,pages/usa/Arizona/mesa.html,N/A,scripts/build_search_index.py:72,Update search_index.json to support key to array of URLs
CHK_IDX_02,Target URL Collision (Pincodes),HIGH,pincodes,85224|85225|85226|85244|85246,pages/usa/Arizona/chandler.html,N/A,scripts/build_search_index.py:72,Update search_index.json to support key to array of URLs
CHK_IDX_02,Target URL Collision (Pincodes),HIGH,pincodes,85233|85234|85295|85296|85297,pages/usa/Arizona/gilbert.html,N/A,scripts/build_search_index.py:72,Update search_index.json to support key to array of URLs
CHK_IDX_02,Target URL Collision (Pincodes),HIGH,pincodes,85250|85251|85252|85254|85255,pages/usa/Arizona/scottsdale.html,N/A,scripts/build_search_index.py:72,Update search_index.json to support key to array of URLs
CHK_IDX_02,Target URL Collision (Pincodes),HIGH,pincodes,85268|85269,pages/usa/Arizona/fountain-hills.html,N/A,scripts/build_search_index.py:72,Update search_index.json to support key to array of URLs
CHK_IDX_02,Target URL Collision (Pincodes),HIGH,pincodes,85280|85281|85282|85283|85284,pages/usa/Arizona/tempe.html,N/A,scripts/build_search_index.py:72,Update search_index.json to support key to array of URLs
CHK_IDX_02,Target URL Collision (Pincodes),HIGH,pincodes,85301|85302|85303|85304|85305,pages/usa/Arizona/glendale.html,N/A,scripts/build_search_index.py:72,Update search_index.json to support key to array of URLs
CHK_IDX_02,Target URL Collision (Pincodes),HIGH,pincodes,85323|85392,pages/usa/Arizona/avondale.html,N/A,scripts/build_search_index.py:72,Update search_index.json to support key to array of URLs
CHK_IDX_02,Target URL Collision (Pincodes),HIGH,pincodes,85326|85396,pages/usa/Arizona/buckeye.html,N/A,scripts/build_search_index.py:72,Update search_index.json to support key to array of URLs
CHK_IDX_02,Target URL Collision (Pincodes),HIGH,pincodes,85327|85331,pages/usa/Arizona/cave-creek.html,N/A,scripts/build_search_index.py:72,Update search_index.json to support key to array of URLs
CHK_IDX_02,Target URL Collision (Pincodes),HIGH,pincodes,85338|85395,pages/usa/Arizona/goodyear.html,N/A,scripts/build_search_index.py:72,Update search_index.json to support key to array of URLs
CHK_IDX_02,Target URL Collision (Pincodes),HIGH,pincodes,85345|85380|85381|85382|85383,pages/usa/Arizona/peoria.html,N/A,scripts/build_search_index.py:72,Update search_index.json to support key to array of URLs
CHK_IDX_02,Target URL Collision (Pincodes),HIGH,pincodes,85351|85372|85373,pages/usa/Arizona/sun-city.html,N/A,scripts/build_search_index.py:72,Update search_index.json to support key to array of URLs
CHK_IDX_02,Target URL Collision (Pincodes),HIGH,pincodes,85358|85390,pages/usa/Arizona/wickenburg.html,N/A,scripts/build_search_index.py:72,Update search_index.json to support key to array of URLs
CHK_IDX_02,Target URL Collision (Pincodes),HIGH,pincodes,85374|85378|85379|85387|85388,pages/usa/Arizona/surprise.html,N/A,scripts/build_search_index.py:72,Update search_index.json to support key to array of URLs
CHK_IDX_02,Target URL Collision (Pincodes),HIGH,pincodes,85375|85376,pages/usa/Arizona/sun-city-west.html,N/A,scripts/build_search_index.py:72,Update search_index.json to support key to array of URLs
CHK_IDX_02,Target URL Collision (Pincodes),HIGH,pincodes,86401|86402|86409,pages/usa/Arizona/kingman.html,N/A,scripts/build_search_index.py:72,Update search_index.json to support key to array of URLs
CHK_IDX_02,Target URL Collision (Pincodes),HIGH,pincodes,86403|86404|86405|86406,pages/usa/Arizona/lake-havasu-city.html,N/A,scripts/build_search_index.py:72,Update search_index.json to support key to array of URLs
CHK_IDX_02,Target URL Collision (Pincodes),HIGH,pincodes,86426|86427,pages/usa/Arizona/fort-mohave.html,N/A,scripts/build_search_index.py:72,Update search_index.json to support key to array of URLs
CHK_IDX_02,Target URL Collision (Pincodes),HIGH,pincodes,86429|86430|86439|86442,pages/usa/Arizona/bullhead-city.html,N/A,scripts/build_search_index.py:72,Update search_index.json to support key to array of URLs
CHK_IDX_02,Target URL Collision (Pincodes),HIGH,pincodes,86440|86446,pages/usa/Arizona/mohave-valley.html,N/A,scripts/build_search_index.py:72,Update search_index.json to support key to array of URLs
CHK_IDX_02,Target URL Collision (Pincodes),HIGH,pincodes,85901|85902,pages/usa/Arizona/show-low.html,N/A,scripts/build_search_index.py:72,Update search_index.json to support key to array of URLs
CHK_IDX_02,Target URL Collision (Pincodes),HIGH,pincodes,85614|85622,pages/usa/Arizona/green-valley.html,N/A,scripts/build_search_index.py:72,Update search_index.json to support key to array of URLs
CHK_IDX_02,Target URL Collision (Pincodes),HIGH,pincodes,85653|85658,pages/usa/Arizona/marana.html,N/A,scripts/build_search_index.py:72,Update search_index.json to support key to array of URLs
CHK_IDX_02,Target URL Collision (Pincodes),HIGH,pincodes,85701|85702|85703|85704|85705,pages/usa/Arizona/tucson.html,N/A,scripts/build_search_index.py:72,Update search_index.json to support key to array of URLs
CHK_IDX_02,Target URL Collision (Pincodes),HIGH,pincodes,85117|85119|85120|85178,pages/usa/Arizona/apache-junction.html,N/A,scripts/build_search_index.py:72,Update search_index.json to support key to array of URLs
CHK_IDX_02,Target URL Collision (Pincodes),HIGH,pincodes,85122|85130|85193|85194,pages/usa/Arizona/casa-grande.html,N/A,scripts/build_search_index.py:72,Update search_index.json to support key to array of URLs
CHK_IDX_02,Target URL Collision (Pincodes),HIGH,pincodes,85138|85139,pages/usa/Arizona/maricopa.html,N/A,scripts/build_search_index.py:72,Update search_index.json to support key to array of URLs
CHK_IDX_02,Target URL Collision (Pincodes),HIGH,pincodes,85140|85143|85144,pages/usa/Arizona/san-tan-valley.html,N/A,scripts/build_search_index.py:72,Update search_index.json to support key to array of URLs
CHK_IDX_02,Target URL Collision (Pincodes),HIGH,pincodes,85621|85628|85662,pages/usa/Arizona/nogales.html,N/A,scripts/build_search_index.py:72,Update search_index.json to support key to array of URLs
CHK_IDX_02,Target URL Collision (Pincodes),HIGH,pincodes,86301|86302|86303|86304|86305,pages/usa/Arizona/prescott.html,N/A,scripts/build_search_index.py:72,Update search_index.json to support key to array of URLs
CHK_IDX_02,Target URL Collision (Pincodes),HIGH,pincodes,86312|86314|86315,pages/usa/Arizona/prescott-valley.html,N/A,scripts/build_search_index.py:72,Update search_index.json to support key to array of URLs
CHK_IDX_02,Target URL Collision (Pincodes),HIGH,pincodes,85364|85365|85366|85367|85369,pages/usa/Arizona/yuma.html,N/A,scripts/build_search_index.py:72,Update search_index.json to support key to array of URLs
CHK_IDX_02,Target URL Collision (Pincodes),HIGH,pincodes,72653|72654,pages/usa/Arkansas/mountain-home.html,N/A,scripts/build_search_index.py:72,Update search_index.json to support key to array of URLs
CHK_IDX_02,Target URL Collision (Pincodes),HIGH,pincodes,72658|72659,pages/usa/Arkansas/norfork.html,N/A,scripts/build_search_index.py:72,Update search_index.json to support key to array of URLs
CHK_IDX_02,Target URL Collision (Pincodes),HIGH,pincodes,72712|72713|72716,pages/usa/Arkansas/bentonville.html,N/A,scripts/build_search_index.py:72,Update search_index.json to support key to array of URLs
CHK_IDX_02,Target URL Collision (Pincodes),HIGH,pincodes,72714|72715,pages/usa/Arkansas/bella-vista.html,N/A,scripts/build_search_index.py:72,Update search_index.json to support key to array of URLs
CHK_IDX_02,Target URL Collision (Pincodes),HIGH,pincodes,72756|72757|72758,pages/usa/Arkansas/rogers.html,N/A,scripts/build_search_index.py:72,Update search_index.json to support key to array of URLs
CHK_IDX_02,Target URL Collision (Pincodes),HIGH,pincodes,72260|72201|72202|72203|72204,pages/usa/Arkansas/little-rock.html,N/A,scripts/build_search_index.py:72,Update search_index.json to support key to array of URLs
CHK_IDX_02,Target URL Collision (Pincodes),HIGH,pincodes,72601|72602,pages/usa/Arkansas/harrison.html,N/A,scripts/build_search_index.py:72,Update search_index.json to support key to array of URLs
CHK_IDX_02,Target URL Collision (Pincodes),HIGH,pincodes,72631|72632,pages/usa/Arkansas/eureka-springs.html,N/A,scripts/build_search_index.py:72,Update search_index.json to support key to array of URLs
CHK_IDX_02,Target URL Collision (Pincodes),HIGH,pincodes,71923|71998|71999,pages/usa/Arkansas/arkadelphia.html,N/A,scripts/build_search_index.py:72,Update search_index.json to support key to array of URLs
CHK_IDX_02,Target URL Collision (Pincodes),HIGH,pincodes,72543|72545,pages/usa/Arkansas/heber-springs.html,N/A,scripts/build_search_index.py:72,Update search_index.json to support key to array of URLs
CHK_IDX_02,Target URL Collision (Pincodes),HIGH,pincodes,71753|71754,pages/usa/Arkansas/magnolia.html,N/A,scripts/build_search_index.py:72,Update search_index.json to support key to array of URLs
CHK_IDX_02,Target URL Collision (Pincodes),HIGH,pincodes,72401|72402|72403|72404|72405,pages/usa/Arkansas/jonesboro.html,N/A,scripts/build_search_index.py:72,Update search_index.json to support key to array of URLs
CHK_IDX_02,Target URL Collision (Pincodes),HIGH,pincodes,72956|72957,pages/usa/Arkansas/van-buren.html,N/A,scripts/build_search_index.py:72,Update search_index.json to support key to array of URLs
CHK_IDX_02,Target URL Collision (Pincodes),HIGH,pincodes,72301|72303,pages/usa/Arkansas/west-memphis.html,N/A,scripts/build_search_index.py:72,Update search_index.json to support key to array of URLs
CHK_IDX_02,Target URL Collision (Pincodes),HIGH,pincodes,71655|71656|71657,pages/usa/Arkansas/monticello.html,N/A,scripts/build_search_index.py:72,Update search_index.json to support key to array of URLs
CHK_IDX_02,Target URL Collision (Pincodes),HIGH,pincodes,72032|72033|72034|72035,pages/usa/Arkansas/conway.html,N/A,scripts/build_search_index.py:72,Update search_index.json to support key to array of URLs
CHK_IDX_02,Target URL Collision (Pincodes),HIGH,pincodes,71901|71902|71903|71913|71914,pages/usa/Arkansas/hot-springs-national-park.html,N/A,scripts/build_search_index.py:72,Update search_index.json to support key to array of URLs
CHK_IDX_02,Target URL Collision (Pincodes),HIGH,pincodes,71909|71910,pages/usa/Arkansas/hot-springs-village.html,N/A,scripts/build_search_index.py:72,Update search_index.json to support key to array of URLs
CHK_IDX_02,Target URL Collision (Pincodes),HIGH,pincodes,72450|72451,pages/usa/Arkansas/paragould.html,N/A,scripts/build_search_index.py:72,Update search_index.json to support key to array of URLs
CHK_IDX_02,Target URL Collision (Pincodes),HIGH,pincodes,71801|71802,pages/usa/Arkansas/hope.html,N/A,scripts/build_search_index.py:72,Update search_index.json to support key to array of URLs
CHK_IDX_02,Target URL Collision (Pincodes),HIGH,pincodes,72019|72015|72018|72158,pages/usa/Arkansas/benton.html,N/A,scripts/build_search_index.py:72,Update search_index.json to support key to array of URLs
CHK_IDX_02,Target URL Collision (Pincodes),HIGH,pincodes,72501|72503,pages/usa/Arkansas/batesville.html,N/A,scripts/build_search_index.py:72,Update search_index.json to support key to array of URLs
CHK_IDX_02,Target URL Collision (Pincodes),HIGH,pincodes,71601|71603|71611|71613,pages/usa/Arkansas/pine-bluff.html,N/A,scripts/build_search_index.py:72,Update search_index.json to support key to array of URLs
CHK_IDX_02,Target URL Collision (Pincodes),HIGH,pincodes,71602|71612,pages/usa/Arkansas/white-hall.html,N/A,scripts/build_search_index.py:72,Update search_index.json to support key to array of URLs
CHK_IDX_02,Target URL Collision (Pincodes),HIGH,pincodes,72315|72316,pages/usa/Arkansas/blytheville.html,N/A,scripts/build_search_index.py:72,Update search_index.json to support key to array of URLs
CHK_IDX_02,Target URL Collision (Pincodes),HIGH,pincodes,71961|71966,pages/usa/Arkansas/oden.html,N/A,scripts/build_search_index.py:72,Update search_index.json to support key to array of URLs
CHK_IDX_02,Target URL Collision (Pincodes),HIGH,pincodes,71701|71711,pages/usa/Arkansas/camden.html,N/A,scripts/build_search_index.py:72,Update search_index.json to support key to array of URLs
CHK_IDX_02,Target URL Collision (Pincodes),HIGH,pincodes,72801|72802|72811|72812,pages/usa/Arkansas/russellville.html,N/A,scripts/build_search_index.py:72,Update search_index.json to support key to array of URLs
CHK_IDX_02,Target URL Collision (Pincodes),HIGH,pincodes,72076|72078,pages/usa/Arkansas/jacksonville.html,N/A,scripts/build_search_index.py:72,Update search_index.json to support key to array of URLs
CHK_IDX_02,Target URL Collision (Pincodes),HIGH,pincodes,72114|72115|72116|72117|72118,pages/usa/Arkansas/north-little-rock.html,N/A,scripts/build_search_index.py:72,Update search_index.json to support key to array of URLs
CHK_IDX_02,Target URL Collision (Pincodes),HIGH,pincodes,72335|72336,pages/usa/Arkansas/forrest-city.html,N/A,scripts/build_search_index.py:72,Update search_index.json to support key to array of URLs
CHK_IDX_02,Target URL Collision (Pincodes),HIGH,pincodes,72022|72089,pages/usa/Arkansas/bryant.html,N/A,scripts/build_search_index.py:72,Update search_index.json to support key to array of URLs
CHK_IDX_02,Target URL Collision (Pincodes),HIGH,pincodes,72901|72902|72903|72904|72905,pages/usa/Arkansas/fort-smith.html,N/A,scripts/build_search_index.py:72,Update search_index.json to support key to array of URLs
CHK_IDX_02,Target URL Collision (Pincodes),HIGH,pincodes,72525|72529,pages/usa/Arkansas/cherokee-village.html,N/A,scripts/build_search_index.py:72,Update search_index.json to support key to array of URLs
CHK_IDX_02,Target URL Collision (Pincodes),HIGH,pincodes,72657|72680,pages/usa/Arkansas/timbo.html,N/A,scripts/build_search_index.py:72,Update search_index.json to support key to array of URLs
CHK_IDX_02,Target URL Collision (Pincodes),HIGH,pincodes,71730|71731,pages/usa/Arkansas/el-dorado.html,N/A,scripts/build_search_index.py:72,Update search_index.json to support key to array of URLs
CHK_IDX_02,Target URL Collision (Pincodes),HIGH,pincodes,72701|72702|72703|72704,pages/usa/Arkansas/fayetteville.html,N/A,scripts/build_search_index.py:72,Update search_index.json to support key to array of URLs
CHK_IDX_02,Target URL Collision (Pincodes),HIGH,pincodes,72762|72764|72765|72766,pages/usa/Arkansas/springdale.html,N/A,scripts/build_search_index.py:72,Update search_index.json to support key to array of URLs
CHK_IDX_02,Target URL Collision (Pincodes),HIGH,pincodes,72143|72145|72149,pages/usa/Arkansas/searcy.html,N/A,scripts/build_search_index.py:72,Update search_index.json to support key to array of URLs
CHK_IDX_02,Target URL Collision (Pincodes),HIGH,pincodes,94501|94502,pages/usa/California/alameda.html,N/A,scripts/build_search_index.py:72,Update search_index.json to support key to array of URLs
CHK_IDX_02,Target URL Collision (Pincodes),HIGH,pincodes,94536|94537|94538|94539|94555,pages/usa/California/fremont.html,N/A,scripts/build_search_index.py:72,Update search_index.json to support key to array of URLs
CHK_IDX_03,Key Normalization Anomaly,MEDIUM,cities,aberdeen  bazar,pages/india/andaman-and-nicobar-islands/aberdeen--bazar.html,N/A,scripts/build_search_index.py:64,Normalize key spaces
CHK_IDX_03,Key Normalization Anomaly,MEDIUM,cities,smith  island,pages/india/andaman-and-nicobar-islands/smith--island.html,N/A,scripts/build_search_index.py:64,Normalize key spaces
CHK_IDX_03,Key Normalization Anomaly,MEDIUM,cities,hut  bay,pages/india/andaman-and-nicobar-islands/hut--bay.html,N/A,scripts/build_search_index.py:64,Normalize key spaces
CHK_IDX_03,Key Normalization Anomaly,MEDIUM,cities,lingamguntla  agraharam,pages/india/andhra-pradesh/lingamguntla--agraharam.html,N/A,scripts/build_search_index.py:64,Normalize key spaces
CHK_IDX_03,Key Normalization Anomaly,MEDIUM,cities,cheyyeru  project,pages/india/andhra-pradesh/cheyyeru--project.html,N/A,scripts/build_search_index.py:64,Normalize key spaces
CHK_IDX_03,Key Normalization Anomaly,MEDIUM,cities,railpeta   repale,pages/india/andhra-pradesh/railpeta---repale.html,N/A,scripts/build_search_index.py:64,Normalize key spaces
CHK_IDX_03,Key Normalization Anomaly,MEDIUM,cities,besthavari  peta,pages/india/andhra-pradesh/besthavari--peta.html,N/A,scripts/build_search_index.py:64,Normalize key spaces
CHK_IDX_03,Key Normalization Anomaly,MEDIUM,cities,alami  chapori,pages/india/assam/alami--chapori.html,N/A,scripts/build_search_index.py:64,Normalize key spaces
CHK_IDX_03,Key Normalization Anomaly,MEDIUM,cities,falimari  pt i,pages/india/assam/falimari--pt-i.html,N/A,scripts/build_search_index.py:64,Normalize key spaces
CHK_IDX_03,Key Normalization Anomaly,MEDIUM,cities,deopani  habigaon,pages/india/assam/deopani--habigaon.html,N/A,scripts/build_search_index.py:64,Normalize key spaces
CHK_IDX_03,Key Normalization Anomaly,MEDIUM,cities,kalibari  3rd pwd colony,pages/india/assam/kalibari--3rd-pwd-colony.html,N/A,scripts/build_search_index.py:64,Normalize key spaces
CHK_IDX_03,Key Normalization Anomaly,MEDIUM,cities,charingia  pukhuri,pages/india/assam/charingia--pukhuri.html,N/A,scripts/build_search_index.py:64,Normalize key spaces
CHK_IDX_03,Key Normalization Anomaly,MEDIUM,cities,boraibari pt  v,pages/india/assam/boraibari-pt--v.html,N/A,scripts/build_search_index.py:64,Normalize key spaces
CHK_IDX_03,Key Normalization Anomaly,MEDIUM,cities,kendriya  vidyalaya,pages/india/assam/kendriya--vidyalaya.html,N/A,scripts/build_search_index.py:64,Normalize key spaces
CHK_IDX_03,Key Normalization Anomaly,MEDIUM,cities,nongalmora  tiniali,pages/india/assam/nongalmora--tiniali.html,N/A,scripts/build_search_index.py:64,Normalize key spaces
CHK_IDX_03,Key Normalization Anomaly,MEDIUM,cities,nagaon girls  college,pages/india/assam/nagaon-girls--college.html,N/A,scripts/build_search_index.py:64,Normalize key spaces
CHK_IDX_03,Key Normalization Anomaly,MEDIUM,cities,amsinggaon e (s  85),pages/india/assam/amsinggaon-e-s--85.html,N/A,scripts/build_search_index.py:64,Normalize key spaces
CHK_IDX_03,Key Normalization Anomaly,MEDIUM,cities,motihari  college,pages/india/bihar/motihari--college.html,N/A,scripts/build_search_index.py:64,Normalize key spaces
CHK_IDX_03,Key Normalization Anomaly,MEDIUM,cities,bhaglapur  engg college,pages/india/bihar/bhaglapur--engg-college.html,N/A,scripts/build_search_index.py:64,Normalize key spaces
CHK_IDX_03,Key Normalization Anomaly,MEDIUM,cities,sanokhar  bazarbo,pages/india/bihar/sanokhar--bazarbo.html,N/A,scripts/build_search_index.py:64,Normalize key spaces
CHK_IDX_03,Key Normalization Anomaly,MEDIUM,cities,jamalpur  paturi,pages/india/bihar/jamalpur--paturi.html,N/A,scripts/build_search_index.py:64,Normalize key spaces
CHK_IDX_03,Key Normalization Anomaly,MEDIUM,cities,ababakarpur  kowahi,pages/india/bihar/ababakarpur--kowahi.html,N/A,scripts/build_search_index.py:64,Normalize key spaces
CHK_IDX_03,Key Normalization Anomaly,MEDIUM,cities,gokula  kurawa,pages/india/bihar/gokula--kurawa.html,N/A,scripts/build_search_index.py:64,Normalize key spaces
CHK_IDX_03,Key Normalization Anomaly,MEDIUM,cities,naya mohamad  pur,pages/india/bihar/naya-mohamad--pur.html,N/A,scripts/build_search_index.py:64,Normalize key spaces
CHK_IDX_03,Key Normalization Anomaly,MEDIUM,cities,mohanpur  karja,pages/india/bihar/mohanpur--karja.html,N/A,scripts/build_search_index.py:64,Normalize key spaces
CHK_IDX_03,Key Normalization Anomaly,MEDIUM,cities,b  chaugain,pages/india/bihar/b--chaugain.html,N/A,scripts/build_search_index.py:64,Normalize key spaces
CHK_IDX_03,Key Normalization Anomaly,MEDIUM,cities,jogia  b.o (alauli s.o),pages/india/bihar/jogia--bo-alauli-so.html,N/A,scripts/build_search_index.py:64,Normalize key spaces
CHK_IDX_03,Key Normalization Anomaly,MEDIUM,cities,bishanpur  bande,pages/india/bihar/bishanpur--bande.html,N/A,scripts/build_search_index.py:64,Normalize key spaces
CHK_IDX_03,Key Normalization Anomaly,MEDIUM,cities,sheopur  north,pages/india/bihar/sheopur--north.html,N/A,scripts/build_search_index.py:64,Normalize key spaces
CHK_IDX_03,Key Normalization Anomaly,MEDIUM,cities,milki urf  chakwaje khijirpur,pages/india/bihar/milki-urf--chakwaje-khijirpur.html,N/A,scripts/build_search_index.py:64,Normalize key spaces
CHK_IDX_03,Key Normalization Anomaly,MEDIUM,cities,sector 23  chandigarh,pages/india/chandigarh/sector-23--chandigarh.html,N/A,scripts/build_search_index.py:64,Normalize key spaces
CHK_IDX_03,Key Normalization Anomaly,MEDIUM,cities,sector  27 naya raipur,pages/india/chhattisgarh/sector--27-naya-raipur.html,N/A,scripts/build_search_index.py:64,Normalize key spaces
CHK_IDX_03,Key Normalization Anomaly,MEDIUM,cities,nangloi   ii,pages/india/delhi/nangloi---ii.html,N/A,scripts/build_search_index.py:64,Normalize key spaces
CHK_IDX_03,Key Normalization Anomaly,MEDIUM,cities,r k puram sector  6 postal sb,pages/india/delhi/r-k-puram-sector--6-postal-sb.html,N/A,scripts/build_search_index.py:64,Normalize key spaces
CHK_IDX_03,Key Normalization Anomaly,MEDIUM,cities,mangolpuri i  block,pages/india/delhi/mangolpuri-i--block.html,N/A,scripts/build_search_index.py:64,Normalize key spaces
CHK_IDX_03,Key Normalization Anomaly,MEDIUM,cities,raj nagar   ii,pages/india/delhi/raj-nagar---ii.html,N/A,scripts/build_search_index.py:64,Normalize key spaces
CHK_IDX_03,Key Normalization Anomaly,MEDIUM,cities,nangloi   iii,pages/india/delhi/nangloi---iii.html,N/A,scripts/build_search_index.py:64,Normalize key spaces
CHK_IDX_03,Key Normalization Anomaly,MEDIUM,cities,punjabi bagh sec   iii,pages/india/delhi/punjabi-bagh-sec---iii.html,N/A,scripts/build_search_index.py:64,Normalize key spaces
CHK_IDX_03,Key Normalization Anomaly,MEDIUM,cities,shakur pur i  block,pages/india/delhi/shakur-pur-i--block.html,N/A,scripts/build_search_index.py:64,Normalize key spaces
CHK_IDX_03,Key Normalization Anomaly,MEDIUM,cities,khyala phase   ii,pages/india/delhi/khyala-phase---ii.html,N/A,scripts/build_search_index.py:64,Normalize key spaces
CHK_IDX_03,Key Normalization Anomaly,MEDIUM,cities,khyala phase    i,pages/india/delhi/khyala-phase----i.html,N/A,scripts/build_search_index.py:64,Normalize key spaces
CHK_IDX_03,Key Normalization Anomaly,MEDIUM,cities,goa  velha,pages/india/goa/goa--velha.html,N/A,scripts/build_search_index.py:64,Normalize key spaces
CHK_IDX_03,Key Normalization Anomaly,MEDIUM,cities,sem rachol  soso,pages/india/goa/sem-rachol--soso.html,N/A,scripts/build_search_index.py:64,Normalize key spaces
CHK_IDX_03,Key Normalization Anomaly,MEDIUM,cities,vasna  chacharvadi,pages/india/gujarat/vasna--chacharvadi.html,N/A,scripts/build_search_index.py:64,Normalize key spaces
CHK_IDX_03,Key Normalization Anomaly,MEDIUM,cities,unava  balva,pages/india/gujarat/unava--balva.html,N/A,scripts/build_search_index.py:64,Normalize key spaces
CHK_IDX_03,Key Normalization Anomaly,MEDIUM,cities,sahebji na  muvada,pages/india/gujarat/sahebji-na--muvada.html,N/A,scripts/build_search_index.py:64,Normalize key spaces
CHK_IDX_03,Key Normalization Anomaly,MEDIUM,cities,veda   paliyed,pages/india/gujarat/veda---paliyed.html,N/A,scripts/build_search_index.py:64,Normalize key spaces
CHK_IDX_03,Key Normalization Anomaly,MEDIUM,cities,kelia  vasna,pages/india/gujarat/kelia--vasna.html,N/A,scripts/build_search_index.py:64,Normalize key spaces
CHK_IDX_03,Key Normalization Anomaly,MEDIUM,cities,bhavan  s college,pages/india/gujarat/bhavan--s-college.html,N/A,scripts/build_search_index.py:64,Normalize key spaces
CHK_IDX_03,Key Normalization Anomaly,MEDIUM,cities,salangpur  hanuman,pages/india/gujarat/salangpur--hanuman.html,N/A,scripts/build_search_index.py:64,Normalize key spaces
CHK_IDX_03,Key Normalization Anomaly,MEDIUM,cities,mota  bhela,pages/india/gujarat/mota--bhela.html,N/A,scripts/build_search_index.py:64,Normalize key spaces
CHK_IDX_03,Key Normalization Anomaly,MEDIUM,cities,jojwa  rs,pages/india/gujarat/jojwa--rs.html,N/A,scripts/build_search_index.py:64,Normalize key spaces
CHK_IDX_03,Key Normalization Anomaly,MEDIUM,cities,undach luhar  falia,pages/india/gujarat/undach-luhar--falia.html,N/A,scripts/build_search_index.py:64,Normalize key spaces
CHK_IDX_03,Key Normalization Anomaly,MEDIUM,cities,moti  kishol,pages/india/gujarat/moti--kishol.html,N/A,scripts/build_search_index.py:64,Normalize key spaces
CHK_IDX_03,Key Normalization Anomaly,MEDIUM,cities,hadmatiya  vishal,pages/india/gujarat/hadmatiya--vishal.html,N/A,scripts/build_search_index.py:64,Normalize key spaces
CHK_IDX_03,Key Normalization Anomaly,MEDIUM,cities,vallabh  vidyanagar,pages/india/gujarat/vallabh--vidyanagar.html,N/A,scripts/build_search_index.py:64,Normalize key spaces
CHK_IDX_03,Key Normalization Anomaly,MEDIUM,cities,mota  habipura,pages/india/gujarat/mota--habipura.html,N/A,scripts/build_search_index.py:64,Normalize key spaces
CHK_IDX_03,Key Normalization Anomaly,MEDIUM,cities,petrochemical  t ship,pages/india/gujarat/petrochemical--t-ship.html,N/A,scripts/build_search_index.py:64,Normalize key spaces
CHK_IDX_03,Key Normalization Anomaly,MEDIUM,cities,para  pipaliya,pages/india/gujarat/para--pipaliya.html,N/A,scripts/build_search_index.py:64,Normalize key spaces
CHK_IDX_03,Key Normalization Anomaly,MEDIUM,cities,srpf grxiii  ghanteshwar,pages/india/gujarat/srpf-grxiii--ghanteshwar.html,N/A,scripts/build_search_index.py:64,Normalize key spaces
CHK_IDX_03,Key Normalization Anomaly,MEDIUM,cities,paliyed  veda,pages/india/gujarat/paliyed--veda.html,N/A,scripts/build_search_index.py:64,Normalize key spaces
CHK_IDX_03,Key Normalization Anomaly,MEDIUM,cities,samadhiyala   mulani,pages/india/gujarat/samadhiyala---mulani.html,N/A,scripts/build_search_index.py:64,Normalize key spaces
CHK_IDX_03,Key Normalization Anomaly,MEDIUM,cities,morva  rena,pages/india/gujarat/morva--rena.html,N/A,scripts/build_search_index.py:64,Normalize key spaces
CHK_IDX_03,Key Normalization Anomaly,MEDIUM,cities,rampar  b,pages/india/gujarat/rampar--b.html,N/A,scripts/build_search_index.py:64,Normalize key spaces
CHK_IDX_03,Key Normalization Anomaly,MEDIUM,cities,moria  p,pages/india/gujarat/moria--p.html,N/A,scripts/build_search_index.py:64,Normalize key spaces
CHK_IDX_03,Key Normalization Anomaly,MEDIUM,cities,moti  beg,pages/india/gujarat/moti--beg.html,N/A,scripts/build_search_index.py:64,Normalize key spaces
CHK_IDX_03,Key Normalization Anomaly,MEDIUM,cities,anand agri inst  anand,pages/india/gujarat/anand-agri-inst--anand.html,N/A,scripts/build_search_index.py:64,Normalize key spaces
CHK_IDX_03,Key Normalization Anomaly,MEDIUM,cities,manjal  r,pages/india/gujarat/manjal--r.html,N/A,scripts/build_search_index.py:64,Normalize key spaces
CHK_IDX_03,Key Normalization Anomaly,MEDIUM,cities,aniali  k,pages/india/gujarat/aniali--k.html,N/A,scripts/build_search_index.py:64,Normalize key spaces
CHK_IDX_03,Key Normalization Anomaly,MEDIUM,cities,anand town  anand,pages/india/gujarat/anand-town--anand.html,N/A,scripts/build_search_index.py:64,Normalize key spaces
CHK_IDX_03,Key Normalization Anomaly,MEDIUM,cities,mahi  itadi,pages/india/gujarat/mahi--itadi.html,N/A,scripts/build_search_index.py:64,Normalize key spaces
CHK_IDX_03,Key Normalization Anomaly,MEDIUM,cities,vasna  iawa,pages/india/gujarat/vasna--iawa.html,N/A,scripts/build_search_index.py:64,Normalize key spaces
CHK_IDX_03,Key Normalization Anomaly,MEDIUM,cities,sardarganj   anand,pages/india/gujarat/sardarganj---anand.html,N/A,scripts/build_search_index.py:64,Normalize key spaces
CHK_IDX_03,Key Normalization Anomaly,MEDIUM,cities,sevalia  rs,pages/india/gujarat/sevalia--rs.html,N/A,scripts/build_search_index.py:64,Normalize key spaces
CHK_IDX_03,Key Normalization Anomaly,MEDIUM,cities,moti  amroli,pages/india/gujarat/moti--amroli.html,N/A,scripts/build_search_index.py:64,Normalize key spaces
CHK_IDX_03,Key Normalization Anomaly,MEDIUM,cities,valsad  vankal,pages/india/gujarat/valsad--vankal.html,N/A,scripts/build_search_index.py:64,Normalize key spaces
CHK_IDX_03,Key Normalization Anomaly,MEDIUM,cities,vasna  sogthi,pages/india/gujarat/vasna--sogthi.html,N/A,scripts/build_search_index.py:64,Normalize key spaces
CHK_IDX_03,Key Normalization Anomaly,MEDIUM,cities,moti  rasli,pages/india/gujarat/moti--rasli.html,N/A,scripts/build_search_index.py:64,Normalize key spaces
CHK_IDX_03,Key Normalization Anomaly,MEDIUM,cities,industrial estate  panchkula,pages/india/haryana/industrial-estate--panchkula.html,N/A,scripts/build_search_index.py:64,Normalize key spaces
CHK_IDX_03,Key Normalization Anomaly,MEDIUM,cities,charkhi  dadri hsgii,pages/india/haryana/charkhi--dadri-hsgii.html,N/A,scripts/build_search_index.py:64,Normalize key spaces
CHK_IDX_03,Key Normalization Anomaly,MEDIUM,cities,urban estate  2 hisar,pages/india/haryana/urban-estate--2-hisar.html,N/A,scripts/build_search_index.py:64,Normalize key spaces
CHK_IDX_03,Key Normalization Anomaly,MEDIUM,cities,i.t.b.p.  bhanu,pages/india/haryana/itbp--bhanu.html,N/A,scripts/build_search_index.py:64,Normalize key spaces
CHK_IDX_03,Key Normalization Anomaly,MEDIUM,cities,model town  rewari,pages/india/haryana/model-town--rewari.html,N/A,scripts/build_search_index.py:64,Normalize key spaces
CHK_IDX_03,Key Normalization Anomaly,MEDIUM,cities,manak  tabra,pages/india/haryana/manak--tabra.html,N/A,scripts/build_search_index.py:64,Normalize key spaces
CHK_IDX_03,Key Normalization Anomaly,MEDIUM,cities,hisar  nai mandi,pages/india/haryana/hisar--nai-mandi.html,N/A,scripts/build_search_index.py:64,Normalize key spaces
CHK_IDX_03,Key Normalization Anomaly,MEDIUM,cities,ambala  city kucthery,pages/india/haryana/ambala--city-kucthery.html,N/A,scripts/build_search_index.py:64,Normalize key spaces
CHK_IDX_03,Key Normalization Anomaly,MEDIUM,cities,mini sectt  sector 12 kanral,pages/india/haryana/mini-sectt--sector-12-kanral.html,N/A,scripts/build_search_index.py:64,Normalize key spaces
CHK_IDX_03,Key Normalization Anomaly,MEDIUM,cities,mansa  devi sec 5,pages/india/haryana/mansa--devi-sec-5.html,N/A,scripts/build_search_index.py:64,Normalize key spaces
CHK_IDX_03,Key Normalization Anomaly,MEDIUM,cities,subzi  mandi,pages/india/haryana/subzi--mandi.html,N/A,scripts/build_search_index.py:64,Normalize key spaces
CHK_IDX_03,Key Normalization Anomaly,MEDIUM,cities,amravati  enclave,pages/india/haryana/amravati--enclave.html,N/A,scripts/build_search_index.py:64,Normalize key spaces
CHK_IDX_03,Key Normalization Anomaly,MEDIUM,cities,lote so lahul  spiti,pages/india/himachal-pradesh/lote-so-lahul--spiti.html,N/A,scripts/build_search_index.py:64,Normalize key spaces
CHK_IDX_03,Key Normalization Anomaly,MEDIUM,cities,banne di  hatti,pages/india/himachal-pradesh/banne-di--hatti.html,N/A,scripts/build_search_index.py:64,Normalize key spaces
CHK_IDX_03,Key Normalization Anomaly,MEDIUM,cities,coop  college,pages/india/jharkhand/coop--college.html,N/A,scripts/build_search_index.py:64,Normalize key spaces
CHK_IDX_03,Key Normalization Anomaly,MEDIUM,cities,b  biura,pages/india/jharkhand/b--biura.html,N/A,scripts/build_search_index.py:64,Normalize key spaces
CHK_IDX_03,Key Normalization Anomaly,MEDIUM,cities,giridih  town,pages/india/jharkhand/giridih--town.html,N/A,scripts/build_search_index.py:64,Normalize key spaces
CHK_IDX_03,Key Normalization Anomaly,MEDIUM,cities,rm yard  davanagere,pages/india/karnataka/rm-yard--davanagere.html,N/A,scripts/build_search_index.py:64,Normalize key spaces
CHK_IDX_03,Key Normalization Anomaly,MEDIUM,cities,chitradurga  collegeroad,pages/india/karnataka/chitradurga--collegeroad.html,N/A,scripts/build_search_index.py:64,Normalize key spaces
CHK_IDX_03,Key Normalization Anomaly,MEDIUM,cities,nittuvalli  b class,pages/india/karnataka/nittuvalli--b-class.html,N/A,scripts/build_search_index.py:64,Normalize key spaces
CHK_IDX_03,Key Normalization Anomaly,MEDIUM,cities,chitradurga  dist office,pages/india/karnataka/chitradurga--dist-office.html,N/A,scripts/build_search_index.py:64,Normalize key spaces
CHK_IDX_03,Key Normalization Anomaly,MEDIUM,cities,chichakandi  k.d.,pages/india/karnataka/chichakandi--kd.html,N/A,scripts/build_search_index.py:64,Normalize key spaces
CHK_IDX_03,Key Normalization Anomaly,MEDIUM,cities,kampli sugar  factory,pages/india/karnataka/kampli-sugar--factory.html,N/A,scripts/build_search_index.py:64,Normalize key spaces
CHK_IDX_03,Key Normalization Anomaly,MEDIUM,cities,c j  colony,pages/india/karnataka/c-j--colony.html,N/A,scripts/build_search_index.py:64,Normalize key spaces
CHK_IDX_03,Key Normalization Anomaly,MEDIUM,cities,hiriyur  sugar factory,pages/india/karnataka/hiriyur--sugar-factory.html,N/A,scripts/build_search_index.py:64,Normalize key spaces
CHK_IDX_03,Key Normalization Anomaly,MEDIUM,cities,almatti  damsite,pages/india/karnataka/almatti--damsite.html,N/A,scripts/build_search_index.py:64,Normalize key spaces
CHK_IDX_03,Key Normalization Anomaly,MEDIUM,cities,veerannana   benavalli,pages/india/karnataka/veerannana---benavalli.html,N/A,scripts/build_search_index.py:64,Normalize key spaces
CHK_IDX_03,Key Normalization Anomaly,MEDIUM,cities,nagnur  p.k.,pages/india/karnataka/nagnur--pk.html,N/A,scripts/build_search_index.py:64,Normalize key spaces
CHK_IDX_03,Key Normalization Anomaly,MEDIUM,cities,ilkal  alampurpet,pages/india/karnataka/ilkal--alampurpet.html,N/A,scripts/build_search_index.py:64,Normalize key spaces
CHK_IDX_03,Key Normalization Anomaly,MEDIUM,cities,chitradurga  fort,pages/india/karnataka/chitradurga--fort.html,N/A,scripts/build_search_index.py:64,Normalize key spaces
CHK_IDX_03,Key Normalization Anomaly,MEDIUM,cities,gandhi seva  sadan,pages/india/kerala/gandhi-seva--sadan.html,N/A,scripts/build_search_index.py:64,Normalize key spaces
CHK_IDX_03,Key Normalization Anomaly,MEDIUM,cities,vadakara  thalayolaparambu,pages/india/kerala/vadakara--thalayolaparambu.html,N/A,scripts/build_search_index.py:64,Normalize key spaces
CHK_IDX_03,Key Normalization Anomaly,MEDIUM,cities,timiri  chervathur,pages/india/kerala/timiri--chervathur.html,N/A,scripts/build_search_index.py:64,Normalize key spaces
CHK_IDX_03,Key Normalization Anomaly,MEDIUM,cities,puducode  feroke,pages/india/kerala/puducode--feroke.html,N/A,scripts/build_search_index.py:64,Normalize key spaces
CHK_IDX_03,Key Normalization Anomaly,MEDIUM,cities,kozhencherry  thekkemala,pages/india/kerala/kozhencherry--thekkemala.html,N/A,scripts/build_search_index.py:64,Normalize key spaces
CHK_IDX_03,Key Normalization Anomaly,MEDIUM,cities,thiruvananthapuram  isro,pages/india/kerala/thiruvananthapuram--isro.html,N/A,scripts/build_search_index.py:64,Normalize key spaces
CHK_IDX_03,Key Normalization Anomaly,MEDIUM,cities,thiruvananthapuram  medical college,pages/india/kerala/thiruvananthapuram--medical-college.html,N/A,scripts/build_search_index.py:64,Normalize key spaces
CHK_IDX_03,Key Normalization Anomaly,MEDIUM,cities,tvm  rk mission,pages/india/kerala/tvm--rk-mission.html,N/A,scripts/build_search_index.py:64,Normalize key spaces
CHK_IDX_03,Key Normalization Anomaly,MEDIUM,cities,pariyaram  wynad,pages/india/kerala/pariyaram--wynad.html,N/A,scripts/build_search_index.py:64,Normalize key spaces
CHK_IDX_03,Key Normalization Anomaly,MEDIUM,cities,kaduppassery  south,pages/india/kerala/kaduppassery--south.html,N/A,scripts/build_search_index.py:64,Normalize key spaces
CHK_IDX_03,Key Normalization Anomaly,MEDIUM,cities,naval armament depot  aluva,pages/india/kerala/naval-armament-depot--aluva.html,N/A,scripts/build_search_index.py:64,Normalize key spaces
CHK_IDX_03,Key Normalization Anomaly,MEDIUM,cities,thiruvananthapuram  beach,pages/india/kerala/thiruvananthapuram--beach.html,N/A,scripts/build_search_index.py:64,Normalize key spaces
CHK_IDX_03,Key Normalization Anomaly,MEDIUM,cities,othalur  ttl,pages/india/kerala/othalur--ttl.html,N/A,scripts/build_search_index.py:64,Normalize key spaces
CHK_IDX_03,Key Normalization Anomaly,MEDIUM,cities,calicut arts  science college,pages/india/kerala/calicut-arts--science-college.html,N/A,scripts/build_search_index.py:64,Normalize key spaces
CHK_IDX_03,Key Normalization Anomaly,MEDIUM,cities,thiruvananthapuram  pettah,pages/india/kerala/thiruvananthapuram--pettah.html,N/A,scripts/build_search_index.py:64,Normalize key spaces
CHK_IDX_03,Key Normalization Anomaly,MEDIUM,cities,edakkad  west hill,pages/india/kerala/edakkad--west-hill.html,N/A,scripts/build_search_index.py:64,Normalize key spaces
CHK_IDX_03,Key Normalization Anomaly,MEDIUM,cities,thiruvananthapuram  fort,pages/india/kerala/thiruvananthapuram--fort.html,N/A,scripts/build_search_index.py:64,Normalize key spaces
CHK_IDX_03,Key Normalization Anomaly,MEDIUM,cities,thiruvananthapuram  ags,pages/india/kerala/thiruvananthapuram--ags.html,N/A,scripts/build_search_index.py:64,Normalize key spaces
CHK_IDX_03,Key Normalization Anomaly,MEDIUM,cities,nit  campus pokozhikode,pages/india/kerala/nit--campus-pokozhikode.html,N/A,scripts/build_search_index.py:64,Normalize key spaces
CHK_IDX_03,Key Normalization Anomaly,MEDIUM,cities,edakkara  quilandy,pages/india/kerala/edakkara--quilandy.html,N/A,scripts/build_search_index.py:64,Normalize key spaces
CHK_IDX_03,Key Normalization Anomaly,MEDIUM,cities,thiruvananthapuram  engg college,pages/india/kerala/thiruvananthapuram--engg-college.html,N/A,scripts/build_search_index.py:64,Normalize key spaces
CHK_IDX_03,Key Normalization Anomaly,MEDIUM,cities,edakulam  koyilandi,pages/india/kerala/edakulam--koyilandi.html,N/A,scripts/build_search_index.py:64,Normalize key spaces
CHK_IDX_03,Key Normalization Anomaly,MEDIUM,cities,thiruvananthapuram  int airport,pages/india/kerala/thiruvananthapuram--int-airport.html,N/A,scripts/build_search_index.py:64,Normalize key spaces
CHK_IDX_03,Key Normalization Anomaly,MEDIUM,cities,kanjikuzhi  idukki,pages/india/kerala/kanjikuzhi--idukki.html,N/A,scripts/build_search_index.py:64,Normalize key spaces
CHK_IDX_03,Key Normalization Anomaly,MEDIUM,cities,ambalapuzha east  b o,pages/india/kerala/ambalapuzha-east--b-o.html,N/A,scripts/build_search_index.py:64,Normalize key spaces
CHK_IDX_03,Key Normalization Anomaly,MEDIUM,cities,punnur  cherupalam,pages/india/kerala/punnur--cherupalam.html,N/A,scripts/build_search_index.py:64,Normalize key spaces
CHK_IDX_03,Key Normalization Anomaly,MEDIUM,cities,parappa  delampady,pages/india/kerala/parappa--delampady.html,N/A,scripts/build_search_index.py:64,Normalize key spaces
CHK_IDX_03,Key Normalization Anomaly,MEDIUM,cities,thiruvananthapuram  university,pages/india/kerala/thiruvananthapuram--university.html,N/A,scripts/build_search_index.py:64,Normalize key spaces
CHK_IDX_03,Key Normalization Anomaly,MEDIUM,cities,mundur  kozhikode,pages/india/kerala/mundur--kozhikode.html,N/A,scripts/build_search_index.py:64,Normalize key spaces
CHK_IDX_03,Key Normalization Anomaly,MEDIUM,cities,udma  padinhare,pages/india/kerala/udma--padinhare.html,N/A,scripts/build_search_index.py:64,Normalize key spaces
CHK_IDX_03,Key Normalization Anomaly,MEDIUM,cities,thiruvananthapuram  chalai,pages/india/kerala/thiruvananthapuram--chalai.html,N/A,scripts/build_search_index.py:64,Normalize key spaces
CHK_IDX_03,Key Normalization Anomaly,MEDIUM,cities,cheekonnummal  west,pages/india/kerala/cheekonnummal--west.html,N/A,scripts/build_search_index.py:64,Normalize key spaces
CHK_IDX_03,Key Normalization Anomaly,MEDIUM,cities,dahlan  chowki,pages/india/madhya-pradesh/dahlan--chowki.html,N/A,scripts/build_search_index.py:64,Normalize key spaces
CHK_IDX_03,Key Normalization Anomaly,MEDIUM,cities,nipania  dhakar,pages/india/madhya-pradesh/nipania--dhakar.html,N/A,scripts/build_search_index.py:64,Normalize key spaces
CHK_IDX_03,Key Normalization Anomaly,MEDIUM,cities,barnagar  bunglow,pages/india/madhya-pradesh/barnagar--bunglow.html,N/A,scripts/build_search_index.py:64,Normalize key spaces
CHK_IDX_03,Key Normalization Anomaly,MEDIUM,cities,birlagram  nagda,pages/india/madhya-pradesh/birlagram--nagda.html,N/A,scripts/build_search_index.py:64,Normalize key spaces
CHK_IDX_03,Key Normalization Anomaly,MEDIUM,cities,pindrai  buttey,pages/india/madhya-pradesh/pindrai--buttey.html,N/A,scripts/build_search_index.py:64,Normalize key spaces
CHK_IDX_03,Key Normalization Anomaly,MEDIUM,cities,matana  kalan,pages/india/madhya-pradesh/matana--kalan.html,N/A,scripts/build_search_index.py:64,Normalize key spaces
CHK_IDX_03,Key Normalization Anomaly,MEDIUM,cities,shajapur  town,pages/india/madhya-pradesh/shajapur--town.html,N/A,scripts/build_search_index.py:64,Normalize key spaces
CHK_IDX_03,Key Normalization Anomaly,MEDIUM,cities,akya  jagir,pages/india/madhya-pradesh/akya--jagir.html,N/A,scripts/build_search_index.py:64,Normalize key spaces
CHK_IDX_03,Key Normalization Anomaly,MEDIUM,cities,m g  g v chitrakoot,pages/india/madhya-pradesh/m-g--g-v-chitrakoot.html,N/A,scripts/build_search_index.py:64,Normalize key spaces
CHK_IDX_03,Key Normalization Anomaly,MEDIUM,cities,panch  dehria,pages/india/madhya-pradesh/panch--dehria.html,N/A,scripts/build_search_index.py:64,Normalize key spaces
CHK_IDX_03,Key Normalization Anomaly,MEDIUM,cities,delchi  buzurg,pages/india/madhya-pradesh/delchi--buzurg.html,N/A,scripts/build_search_index.py:64,Normalize key spaces
CHK_IDX_03,Key Normalization Anomaly,MEDIUM,cities,mayapur  mangrola,pages/india/madhya-pradesh/mayapur--mangrola.html,N/A,scripts/build_search_index.py:64,Normalize key spaces
CHK_IDX_03,Key Normalization Anomaly,MEDIUM,cities,silpuri  chhapri,pages/india/madhya-pradesh/silpuri--chhapri.html,N/A,scripts/build_search_index.py:64,Normalize key spaces
CHK_IDX_03,Key Normalization Anomaly,MEDIUM,cities,ujjain  gujrati  samaj,pages/india/madhya-pradesh/ujjain--gujrati--samaj.html,N/A,scripts/build_search_index.py:64,Normalize key spaces
CHK_IDX_03,Key Normalization Anomaly,MEDIUM,cities,rampur  teonther,pages/india/madhya-pradesh/rampur--teonther.html,N/A,scripts/build_search_index.py:64,Normalize key spaces
CHK_IDX_03,Key Normalization Anomaly,MEDIUM,cities,arniya  kalan,pages/india/madhya-pradesh/arniya--kalan.html,N/A,scripts/build_search_index.py:64,Normalize key spaces
CHK_IDX_03,Key Normalization Anomaly,MEDIUM,cities,ujjain  bherugarh,pages/india/madhya-pradesh/ujjain--bherugarh.html,N/A,scripts/build_search_index.py:64,Normalize key spaces
CHK_IDX_03,Key Normalization Anomaly,MEDIUM,cities,ujjain  madhonagar,pages/india/madhya-pradesh/ujjain--madhonagar.html,N/A,scripts/build_search_index.py:64,Normalize key spaces
CHK_IDX_03,Key Normalization Anomaly,MEDIUM,cities,bargi  ipc,pages/india/madhya-pradesh/bargi--ipc.html,N/A,scripts/build_search_index.py:64,Normalize key spaces
CHK_IDX_03,Key Normalization Anomaly,MEDIUM,cities,dhawa  tiwariyan,pages/india/madhya-pradesh/dhawa--tiwariyan.html,N/A,scripts/build_search_index.py:64,Normalize key spaces
CHK_IDX_03,Key Normalization Anomaly,MEDIUM,cities,tutiya  khedi,pages/india/madhya-pradesh/tutiya--khedi.html,N/A,scripts/build_search_index.py:64,Normalize key spaces
CHK_IDX_03,Key Normalization Anomaly,MEDIUM,cities,laxmiganj  mandi,pages/india/madhya-pradesh/laxmiganj--mandi.html,N/A,scripts/build_search_index.py:64,Normalize key spaces
CHK_IDX_03,Key Normalization Anomaly,MEDIUM,cities,harrai  badi,pages/india/madhya-pradesh/harrai--badi.html,N/A,scripts/build_search_index.py:64,Normalize key spaces
CHK_IDX_03,Key Normalization Anomaly,MEDIUM,cities,barda  raoji,pages/india/madhya-pradesh/barda--raoji.html,N/A,scripts/build_search_index.py:64,Normalize key spaces
CHK_IDX_03,Key Normalization Anomaly,MEDIUM,cities,shujalpur  city,pages/india/madhya-pradesh/shujalpur--city.html,N/A,scripts/build_search_index.py:64,Normalize key spaces
CHK_IDX_03,Key Normalization Anomaly,MEDIUM,cities,dhabla  ghosi,pages/india/madhya-pradesh/dhabla--ghosi.html,N/A,scripts/build_search_index.py:64,Normalize key spaces
CHK_IDX_03,Key Normalization Anomaly,MEDIUM,cities,garhi   soharwa,pages/india/madhya-pradesh/garhi---soharwa.html,N/A,scripts/build_search_index.py:64,Normalize key spaces
CHK_IDX_03,Key Normalization Anomaly,MEDIUM,cities,ujjain  factory,pages/india/madhya-pradesh/ujjain--factory.html,N/A,scripts/build_search_index.py:64,Normalize key spaces
CHK_IDX_03,Key Normalization Anomaly,MEDIUM,cities,barkheda  pitramal,pages/india/madhya-pradesh/barkheda--pitramal.html,N/A,scripts/build_search_index.py:64,Normalize key spaces
CHK_IDX_03,Key Normalization Anomaly,MEDIUM,cities,ujjain  rishi nagar,pages/india/madhya-pradesh/ujjain--rishi-nagar.html,N/A,scripts/build_search_index.py:64,Normalize key spaces
CHK_IDX_03,Key Normalization Anomaly,MEDIUM,cities,barkheda  buzurg,pages/india/madhya-pradesh/barkheda--buzurg.html,N/A,scripts/build_search_index.py:64,Normalize key spaces
CHK_IDX_03,Key Normalization Anomaly,MEDIUM,cities,chandbad  jageer,pages/india/madhya-pradesh/chandbad--jageer.html,N/A,scripts/build_search_index.py:64,Normalize key spaces
CHK_IDX_03,Key Normalization Anomaly,MEDIUM,cities,ujjain  kothi,pages/india/madhya-pradesh/ujjain--kothi.html,N/A,scripts/build_search_index.py:64,Normalize key spaces
CHK_IDX_03,Key Normalization Anomaly,MEDIUM,cities,damodar  garh,pages/india/madhya-pradesh/damodar--garh.html,N/A,scripts/build_search_index.py:64,Normalize key spaces
CHK_IDX_03,Key Normalization Anomaly,MEDIUM,cities,ujjain  city,pages/india/madhya-pradesh/ujjain--city.html,N/A,scripts/build_search_index.py:64,Normalize key spaces
CHK_IDX_03,Key Normalization Anomaly,MEDIUM,cities,piploda  baghla,pages/india/madhya-pradesh/piploda--baghla.html,N/A,scripts/build_search_index.py:64,Normalize key spaces
CHK_IDX_03,Key Normalization Anomaly,MEDIUM,cities,shakkar  khedi,pages/india/madhya-pradesh/shakkar--khedi.html,N/A,scripts/build_search_index.py:64,Normalize key spaces
CHK_IDX_03,Key Normalization Anomaly,MEDIUM,cities,doni  (p),pages/india/madhya-pradesh/doni--p.html,N/A,scripts/build_search_index.py:64,Normalize key spaces
CHK_IDX_03,Key Normalization Anomaly,MEDIUM,cities,nagda  town,pages/india/madhya-pradesh/nagda--town.html,N/A,scripts/build_search_index.py:64,Normalize key spaces
CHK_IDX_03,Key Normalization Anomaly,MEDIUM,cities,nowrrozabad  r. s.,pages/india/madhya-pradesh/nowrrozabad--r-s.html,N/A,scripts/build_search_index.py:64,Normalize key spaces
CHK_IDX_03,Key Normalization Anomaly,MEDIUM,cities,piploda  dwarkadhish,pages/india/madhya-pradesh/piploda--dwarkadhish.html,N/A,scripts/build_search_index.py:64,Normalize key spaces
CHK_IDX_03,Key Normalization Anomaly,MEDIUM,cities,tilawad  govind,pages/india/madhya-pradesh/tilawad--govind.html,N/A,scripts/build_search_index.py:64,Normalize key spaces
CHK_IDX_03,Key Normalization Anomaly,MEDIUM,cities,shujalpur  mandi,pages/india/madhya-pradesh/shujalpur--mandi.html,N/A,scripts/build_search_index.py:64,Normalize key spaces
CHK_IDX_03,Key Normalization Anomaly,MEDIUM,cities,mehidpur  road,pages/india/madhya-pradesh/mehidpur--road.html,N/A,scripts/build_search_index.py:64,Normalize key spaces
CHK_IDX_03,Key Normalization Anomaly,MEDIUM,cities,badagaon  kothar,pages/india/madhya-pradesh/badagaon--kothar.html,N/A,scripts/build_search_index.py:64,Normalize key spaces
CHK_IDX_03,Key Normalization Anomaly,MEDIUM,cities,laturi  gehlot,pages/india/madhya-pradesh/laturi--gehlot.html,N/A,scripts/build_search_index.py:64,Normalize key spaces
CHK_IDX_03,Key Normalization Anomaly,MEDIUM,cities,dhabla  hardu,pages/india/madhya-pradesh/dhabla--hardu.html,N/A,scripts/build_search_index.py:64,Normalize key spaces
CHK_IDX_03,Key Normalization Anomaly,MEDIUM,cities,chirola  chhota,pages/india/madhya-pradesh/chirola--chhota.html,N/A,scripts/build_search_index.py:64,Normalize key spaces
CHK_IDX_03,Key Normalization Anomaly,MEDIUM,cities,soyat  khurd,pages/india/madhya-pradesh/soyat--khurd.html,N/A,scripts/build_search_index.py:64,Normalize key spaces
CHK_IDX_03,Key Normalization Anomaly,MEDIUM,cities,rohil  khurd,pages/india/madhya-pradesh/rohil--khurd.html,N/A,scripts/build_search_index.py:64,Normalize key spaces
CHK_IDX_03,Key Normalization Anomaly,MEDIUM,cities,bandra w ecom  nodal delivery centre,pages/india/madhya-pradesh/bandra-w-ecom--nodal-delivery-centre.html,N/A,scripts/build_search_index.py:64,Normalize key spaces
CHK_IDX_03,Key Normalization Anomaly,MEDIUM,cities,ujjain  m.l.nagar,pages/india/madhya-pradesh/ujjain--mlnagar.html,N/A,scripts/build_search_index.py:64,Normalize key spaces
CHK_IDX_03,Key Normalization Anomaly,MEDIUM,cities,borgaon  agricultural school,pages/india/maharashtra/borgaon--agricultural-school.html,N/A,scripts/build_search_index.py:64,Normalize key spaces
CHK_IDX_03,Key Normalization Anomaly,MEDIUM,cities,katali  hitachal,pages/india/maharashtra/katali--hitachal.html,N/A,scripts/build_search_index.py:64,Normalize key spaces
CHK_IDX_03,Key Normalization Anomaly,MEDIUM,cities,savki  lohoner,pages/india/maharashtra/savki--lohoner.html,N/A,scripts/build_search_index.py:64,Normalize key spaces
CHK_IDX_03,Key Normalization Anomaly,MEDIUM,cities,hivra  kabli,pages/india/maharashtra/hivra--kabli.html,N/A,scripts/build_search_index.py:64,Normalize key spaces
CHK_IDX_03,Key Normalization Anomaly,MEDIUM,cities,surji  (anjangaon),pages/india/maharashtra/surji--anjangaon.html,N/A,scripts/build_search_index.py:64,Normalize key spaces
CHK_IDX_03,Key Normalization Anomaly,MEDIUM,cities,pimpri  achala,pages/india/maharashtra/pimpri--achala.html,N/A,scripts/build_search_index.py:64,Normalize key spaces
CHK_IDX_03,Key Normalization Anomaly,MEDIUM,cities,belapur node   iii,pages/india/maharashtra/belapur-node---iii.html,N/A,scripts/build_search_index.py:64,Normalize key spaces
CHK_IDX_03,Key Normalization Anomaly,MEDIUM,cities,vadale  vadli,pages/india/maharashtra/vadale--vadli.html,N/A,scripts/build_search_index.py:64,Normalize key spaces
CHK_IDX_03,Key Normalization Anomaly,MEDIUM,cities,jeur  (akkalkot),pages/india/maharashtra/jeur--akkalkot.html,N/A,scripts/build_search_index.py:64,Normalize key spaces
CHK_IDX_03,Key Normalization Anomaly,MEDIUM,cities,degaon  ( valuj ),pages/india/maharashtra/degaon---valuj.html,N/A,scripts/build_search_index.py:64,Normalize key spaces
CHK_IDX_03,Key Normalization Anomaly,MEDIUM,cities,anjangaon  khilobache,pages/india/maharashtra/anjangaon--khilobache.html,N/A,scripts/build_search_index.py:64,Normalize key spaces
CHK_IDX_03,Key Normalization Anomaly,MEDIUM,cities,jamgaon  (pangari),pages/india/maharashtra/jamgaon--pangari.html,N/A,scripts/build_search_index.py:64,Normalize key spaces
CHK_IDX_03,Key Normalization Anomaly,MEDIUM,cities,wangi  iii,pages/india/maharashtra/wangi--iii.html,N/A,scripts/build_search_index.py:64,Normalize key spaces
CHK_IDX_03,Key Normalization Anomaly,MEDIUM,cities,jamgaon  (agalgaon),pages/india/maharashtra/jamgaon--agalgaon.html,N/A,scripts/build_search_index.py:64,Normalize key spaces
CHK_IDX_03,Key Normalization Anomaly,MEDIUM,cities,infotech  park (hinjawadi),pages/india/maharashtra/infotech--park-hinjawadi.html,N/A,scripts/build_search_index.py:64,Normalize key spaces
CHK_IDX_03,Key Normalization Anomaly,MEDIUM,cities,bambrud  ( r ),pages/india/maharashtra/bambrud---r.html,N/A,scripts/build_search_index.py:64,Normalize key spaces
CHK_IDX_03,Key Normalization Anomaly,MEDIUM,cities,yeshwantnagar  nanded,pages/india/maharashtra/yeshwantnagar--nanded.html,N/A,scripts/build_search_index.py:64,Normalize key spaces
CHK_IDX_03,Key Normalization Anomaly,MEDIUM,cities,upalai  ( thonge ),pages/india/maharashtra/upalai---thonge.html,N/A,scripts/build_search_index.py:64,Normalize key spaces
CHK_IDX_03,Key Normalization Anomaly,MEDIUM,cities,khanapur  bo,pages/india/maharashtra/khanapur--bo.html,N/A,scripts/build_search_index.py:64,Normalize key spaces
CHK_IDX_03,Key Normalization Anomaly,MEDIUM,cities,karoli  t,pages/india/maharashtra/karoli--t.html,N/A,scripts/build_search_index.py:64,Normalize key spaces
CHK_IDX_03,Key Normalization Anomaly,MEDIUM,cities,belapur node  v,pages/india/maharashtra/belapur-node--v.html,N/A,scripts/build_search_index.py:64,Normalize key spaces
CHK_IDX_03,Key Normalization Anomaly,MEDIUM,cities,alkud  (s),pages/india/maharashtra/alkud--s.html,N/A,scripts/build_search_index.py:64,Normalize key spaces
CHK_IDX_03,Key Normalization Anomaly,MEDIUM,cities,santacruz p and t  colony,pages/india/maharashtra/santacruz-p-and-t--colony.html,N/A,scripts/build_search_index.py:64,Normalize key spaces
CHK_IDX_03,Key Normalization Anomaly,MEDIUM,cities,lakhamapur  bori,pages/india/maharashtra/lakhamapur--bori.html,N/A,scripts/build_search_index.py:64,Normalize key spaces
CHK_IDX_03,Key Normalization Anomaly,MEDIUM,cities,tadwal  (hotagi),pages/india/maharashtra/tadwal--hotagi.html,N/A,scripts/build_search_index.py:64,Normalize key spaces
CHK_IDX_03,Key Normalization Anomaly,MEDIUM,cities,sekmaijin  khunou konuma,pages/india/manipur/sekmaijin--khunou-konuma.html,N/A,scripts/build_search_index.py:64,Normalize key spaces
CHK_IDX_03,Key Normalization Anomaly,MEDIUM,cities,umniuh   tmar,pages/india/meghalaya/umniuh---tmar.html,N/A,scripts/build_search_index.py:64,Normalize key spaces
CHK_IDX_03,Key Normalization Anomaly,MEDIUM,cities,nongsdad  dkhar,pages/india/meghalaya/nongsdad--dkhar.html,N/A,scripts/build_search_index.py:64,Normalize key spaces
CHK_IDX_03,Key Normalization Anomaly,MEDIUM,cities,kynton   u   mon,pages/india/meghalaya/kynton---u---mon.html,N/A,scripts/build_search_index.py:64,Normalize key spaces
CHK_IDX_03,Key Normalization Anomaly,MEDIUM,cities,dungki   ingdong,pages/india/meghalaya/dungki---ingdong.html,N/A,scripts/build_search_index.py:64,Normalize key spaces
CHK_IDX_03,Key Normalization Anomaly,MEDIUM,cities,ntpc  darlipali,pages/india/odisha/ntpc--darlipali.html,N/A,scripts/build_search_index.py:64,Normalize key spaces
CHK_IDX_03,Key Normalization Anomaly,MEDIUM,cities,ghodabandha  khuntapal,pages/india/odisha/ghodabandha--khuntapal.html,N/A,scripts/build_search_index.py:64,Normalize key spaces
CHK_IDX_03,Key Normalization Anomaly,MEDIUM,cities,odisha  assembly,pages/india/odisha/odisha--assembly.html,N/A,scripts/build_search_index.py:64,Normalize key spaces
CHK_IDX_03,Key Normalization Anomaly,MEDIUM,cities,banpur  s.o (khorda),pages/india/odisha/banpur--so-khorda.html,N/A,scripts/build_search_index.py:64,Normalize key spaces
CHK_IDX_03,Key Normalization Anomaly,MEDIUM,cities,mancheswar railway  colony,pages/india/odisha/mancheswar-railway--colony.html,N/A,scripts/build_search_index.py:64,Normalize key spaces
CHK_IDX_03,Key Normalization Anomaly,MEDIUM,cities,hill block   24,pages/india/odisha/hill-block---24.html,N/A,scripts/build_search_index.py:64,Normalize key spaces
CHK_IDX_03,Key Normalization Anomaly,MEDIUM,cities,renaglipali canal  colony,pages/india/odisha/renaglipali-canal--colony.html,N/A,scripts/build_search_index.py:64,Normalize key spaces
CHK_IDX_03,Key Normalization Anomaly,MEDIUM,cities,khariar  pattnaik para,pages/india/odisha/khariar--pattnaik-para.html,N/A,scripts/build_search_index.py:64,Normalize key spaces
CHK_IDX_03,Key Normalization Anomaly,MEDIUM,cities,bhanjanagar  college,pages/india/odisha/bhanjanagar--college.html,N/A,scripts/build_search_index.py:64,Normalize key spaces
CHK_IDX_03,Key Normalization Anomaly,MEDIUM,cities,nodal delivery center (parcel)  patiala,pages/india/punjab/nodal-delivery-center-parcel--patiala.html,N/A,scripts/build_search_index.py:64,Normalize key spaces
CHK_IDX_03,Key Normalization Anomaly,MEDIUM,cities,kular  khurd,pages/india/punjab/kular--khurd.html,N/A,scripts/build_search_index.py:64,Normalize key spaces
CHK_IDX_03,Key Normalization Anomaly,MEDIUM,cities,pandori  ganga singh,pages/india/punjab/pandori--ganga-singh.html,N/A,scripts/build_search_index.py:64,Normalize key spaces
CHK_IDX_03,Key Normalization Anomaly,MEDIUM,cities,d a v  college,pages/india/punjab/d-a-v--college.html,N/A,scripts/build_search_index.py:64,Normalize key spaces
CHK_IDX_03,Key Normalization Anomaly,MEDIUM,cities,khudi  kalan,pages/india/punjab/khudi--kalan.html,N/A,scripts/build_search_index.py:64,Normalize key spaces
CHK_IDX_03,Key Normalization Anomaly,MEDIUM,cities,rayon  silk mill,pages/india/punjab/rayon--silk-mill.html,N/A,scripts/build_search_index.py:64,Normalize key spaces
CHK_IDX_03,Key Normalization Anomaly,MEDIUM,cities,railway road mandi  ladhuka,pages/india/punjab/railway-road-mandi--ladhuka.html,N/A,scripts/build_search_index.py:64,Normalize key spaces
CHK_IDX_03,Key Normalization Anomaly,MEDIUM,cities,barian  kalan,pages/india/punjab/barian--kalan.html,N/A,scripts/build_search_index.py:64,Normalize key spaces
CHK_IDX_03,Key Normalization Anomaly,MEDIUM,cities,dhan mandi   kishan garh,pages/india/rajasthan/dhan-mandi---kishan-garh.html,N/A,scripts/build_search_index.py:64,Normalize key spaces
CHK_IDX_03,Key Normalization Anomaly,MEDIUM,cities,relawan  b.o.,pages/india/rajasthan/relawan--bo.html,N/A,scripts/build_search_index.py:64,Normalize key spaces
CHK_IDX_03,Key Normalization Anomaly,MEDIUM,cities,raipur  marwar,pages/india/rajasthan/raipur--marwar.html,N/A,scripts/build_search_index.py:64,Normalize key spaces
CHK_IDX_03,Key Normalization Anomaly,MEDIUM,cities,jawada  1,pages/india/rajasthan/jawada--1.html,N/A,scripts/build_search_index.py:64,Normalize key spaces
CHK_IDX_03,Key Normalization Anomaly,MEDIUM,cities,nimbera  kalan,pages/india/rajasthan/nimbera--kalan.html,N/A,scripts/build_search_index.py:64,Normalize key spaces
CHK_IDX_03,Key Normalization Anomaly,MEDIUM,cities,kot  solankiyan,pages/india/rajasthan/kot--solankiyan.html,N/A,scripts/build_search_index.py:64,Normalize key spaces
CHK_IDX_03,Key Normalization Anomaly,MEDIUM,cities,rampura   kalan,pages/india/rajasthan/rampura---kalan.html,N/A,scripts/build_search_index.py:64,Normalize key spaces
CHK_IDX_03,Key Normalization Anomaly,MEDIUM,cities,ranasanga  bazar  chittorgarh,pages/india/rajasthan/ranasanga--bazar--chittorgarh.html,N/A,scripts/build_search_index.py:64,Normalize key spaces
CHK_IDX_03,Key Normalization Anomaly,MEDIUM,cities,falka   kalan,pages/india/rajasthan/falka---kalan.html,N/A,scripts/build_search_index.py:64,Normalize key spaces
CHK_IDX_03,Key Normalization Anomaly,MEDIUM,cities,sojat  road,pages/india/rajasthan/sojat--road.html,N/A,scripts/build_search_index.py:64,Normalize key spaces
CHK_IDX_03,Key Normalization Anomaly,MEDIUM,cities,binjhbaila  s.o.,pages/india/rajasthan/binjhbaila--so.html,N/A,scripts/build_search_index.py:64,Normalize key spaces
CHK_IDX_03,Key Normalization Anomaly,MEDIUM,cities,pratap   garh,pages/india/rajasthan/pratap---garh.html,N/A,scripts/build_search_index.py:64,Normalize key spaces
CHK_IDX_03,Key Normalization Anomaly,MEDIUM,cities,collectorate  chittorgarh,pages/india/rajasthan/collectorate--chittorgarh.html,N/A,scripts/build_search_index.py:64,Normalize key spaces
CHK_IDX_03,Key Normalization Anomaly,MEDIUM,cities,ber   kalan,pages/india/rajasthan/ber---kalan.html,N/A,scripts/build_search_index.py:64,Normalize key spaces
CHK_IDX_03,Key Normalization Anomaly,MEDIUM,cities,rajola   khurd,pages/india/rajasthan/rajola---khurd.html,N/A,scripts/build_search_index.py:64,Normalize key spaces
CHK_IDX_03,Key Normalization Anomaly,MEDIUM,cities,rajola   kalan,pages/india/rajasthan/rajola---kalan.html,N/A,scripts/build_search_index.py:64,Normalize key spaces
CHK_IDX_03,Key Normalization Anomaly,MEDIUM,cities,mohra   kalan,pages/india/rajasthan/mohra---kalan.html,N/A,scripts/build_search_index.py:64,Normalize key spaces
CHK_IDX_03,Key Normalization Anomaly,MEDIUM,cities,crpf campus  lalwas,pages/india/rajasthan/crpf-campus--lalwas.html,N/A,scripts/build_search_index.py:64,Normalize key spaces
CHK_IDX_03,Key Normalization Anomaly,MEDIUM,cities,jalia  ii,pages/india/rajasthan/jalia--ii.html,N/A,scripts/build_search_index.py:64,Normalize key spaces
CHK_IDX_03,Key Normalization Anomaly,MEDIUM,cities,jodhpur marudhar ind  area,pages/india/rajasthan/jodhpur-marudhar-ind--area.html,N/A,scripts/build_search_index.py:64,Normalize key spaces
CHK_IDX_03,Key Normalization Anomaly,MEDIUM,cities,ramasani   bala,pages/india/rajasthan/ramasani---bala.html,N/A,scripts/build_search_index.py:64,Normalize key spaces
CHK_IDX_03,Key Normalization Anomaly,MEDIUM,cities,falna  i. e.,pages/india/rajasthan/falna--i-e.html,N/A,scripts/build_search_index.py:64,Normalize key spaces
CHK_IDX_03,Key Normalization Anomaly,MEDIUM,cities,pali veer durgadas  nagar,pages/india/rajasthan/pali-veer-durgadas--nagar.html,N/A,scripts/build_search_index.py:64,Normalize key spaces
CHK_IDX_03,Key Normalization Anomaly,MEDIUM,cities,kot  baliyan,pages/india/rajasthan/kot--baliyan.html,N/A,scripts/build_search_index.py:64,Normalize key spaces
CHK_IDX_03,Key Normalization Anomaly,MEDIUM,cities,kailash  nagar,pages/india/rajasthan/kailash--nagar.html,N/A,scripts/build_search_index.py:64,Normalize key spaces
CHK_IDX_03,Key Normalization Anomaly,MEDIUM,cities,rawatbhatta  bazar,pages/india/rajasthan/rawatbhatta--bazar.html,N/A,scripts/build_search_index.py:64,Normalize key spaces
CHK_IDX_03,Key Normalization Anomaly,MEDIUM,cities,jawai  bandh,pages/india/rajasthan/jawai--bandh.html,N/A,scripts/build_search_index.py:64,Normalize key spaces
CHK_IDX_03,Key Normalization Anomaly,MEDIUM,cities,kanwaliya  kalan,pages/india/rajasthan/kanwaliya--kalan.html,N/A,scripts/build_search_index.py:64,Normalize key spaces
CHK_IDX_03,Key Normalization Anomaly,MEDIUM,cities,pachunda   kalan,pages/india/rajasthan/pachunda---kalan.html,N/A,scripts/build_search_index.py:64,Normalize key spaces
CHK_IDX_03,Key Normalization Anomaly,MEDIUM,cities,bhoopal  nagar,pages/india/rajasthan/bhoopal--nagar.html,N/A,scripts/build_search_index.py:64,Normalize key spaces
CHK_IDX_03,Key Normalization Anomaly,MEDIUM,cities,pali  housing board,pages/india/rajasthan/pali--housing-board.html,N/A,scripts/build_search_index.py:64,Normalize key spaces
CHK_IDX_03,Key Normalization Anomaly,MEDIUM,cities,kapasan  town,pages/india/rajasthan/kapasan--town.html,N/A,scripts/build_search_index.py:64,Normalize key spaces
CHK_IDX_03,Key Normalization Anomaly,MEDIUM,cities,jawada  ii,pages/india/rajasthan/jawada--ii.html,N/A,scripts/build_search_index.py:64,Normalize key spaces
CHK_IDX_03,Key Normalization Anomaly,MEDIUM,cities,sultan ji ka  kherwara,pages/india/rajasthan/sultan-ji-ka--kherwara.html,N/A,scripts/build_search_index.py:64,Normalize key spaces
CHK_IDX_03,Key Normalization Anomaly,MEDIUM,cities,gilonki  dhani,pages/india/rajasthan/gilonki--dhani.html,N/A,scripts/build_search_index.py:64,Normalize key spaces
CHK_IDX_03,Key Normalization Anomaly,MEDIUM,cities,neembli  manda,pages/india/rajasthan/neembli--manda.html,N/A,scripts/build_search_index.py:64,Normalize key spaces
CHK_IDX_03,Key Normalization Anomaly,MEDIUM,cities,v  mamandur,pages/india/tamil-nadu/v--mamandur.html,N/A,scripts/build_search_index.py:64,Normalize key spaces
CHK_IDX_03,Key Normalization Anomaly,MEDIUM,cities,ordnance estate  tr,pages/india/tamil-nadu/ordnance-estate--tr.html,N/A,scripts/build_search_index.py:64,Normalize key spaces
CHK_IDX_03,Key Normalization Anomaly,MEDIUM,cities,saram  tindivanam,pages/india/tamil-nadu/saram--tindivanam.html,N/A,scripts/build_search_index.py:64,Normalize key spaces
CHK_IDX_03,Key Normalization Anomaly,MEDIUM,cities,katary  r.s.,pages/india/tamil-nadu/katary--rs.html,N/A,scripts/build_search_index.py:64,Normalize key spaces
CHK_IDX_03,Key Normalization Anomaly,MEDIUM,cities,t  . kunnathur,pages/india/tamil-nadu/t---kunnathur.html,N/A,scripts/build_search_index.py:64,Normalize key spaces
CHK_IDX_03,Key Normalization Anomaly,MEDIUM,cities,radhanallur  (srk),pages/india/tamil-nadu/radhanallur--srk.html,N/A,scripts/build_search_index.py:64,Normalize key spaces
CHK_IDX_03,Key Normalization Anomaly,MEDIUM,cities,piranpatti  (manaparai),pages/india/tamil-nadu/piranpatti--manaparai.html,N/A,scripts/build_search_index.py:64,Normalize key spaces
CHK_IDX_03,Key Normalization Anomaly,MEDIUM,cities,c sector bhel  tr,pages/india/tamil-nadu/c-sector-bhel--tr.html,N/A,scripts/build_search_index.py:64,Normalize key spaces
CHK_IDX_03,Key Normalization Anomaly,MEDIUM,cities,t  . kolathur,pages/india/tamil-nadu/t---kolathur.html,N/A,scripts/build_search_index.py:64,Normalize key spaces
CHK_IDX_03,Key Normalization Anomaly,MEDIUM,cities,v  alambalam,pages/india/tamil-nadu/v--alambalam.html,N/A,scripts/build_search_index.py:64,Normalize key spaces
CHK_IDX_03,Key Normalization Anomaly,MEDIUM,cities,ko  adhanur,pages/india/tamil-nadu/ko--adhanur.html,N/A,scripts/build_search_index.py:64,Normalize key spaces
CHK_IDX_03,Key Normalization Anomaly,MEDIUM,cities,t  . edayar,pages/india/tamil-nadu/t---edayar.html,N/A,scripts/build_search_index.py:64,Normalize key spaces
CHK_IDX_03,Key Normalization Anomaly,MEDIUM,cities,la  gudalur,pages/india/tamil-nadu/la--gudalur.html,N/A,scripts/build_search_index.py:64,Normalize key spaces
CHK_IDX_03,Key Normalization Anomaly,MEDIUM,cities,boiler project  tr,pages/india/tamil-nadu/boiler-project--tr.html,N/A,scripts/build_search_index.py:64,Normalize key spaces
CHK_IDX_03,Key Normalization Anomaly,MEDIUM,cities,t  . pudupalayam,pages/india/tamil-nadu/t---pudupalayam.html,N/A,scripts/build_search_index.py:64,Normalize key spaces
CHK_IDX_03,Key Normalization Anomaly,MEDIUM,cities,u  agaram,pages/india/tamil-nadu/u--agaram.html,N/A,scripts/build_search_index.py:64,Normalize key spaces
CHK_IDX_03,Key Normalization Anomaly,MEDIUM,cities,easgaon   v,pages/india/telangana/easgaon---v.html,N/A,scripts/build_search_index.py:64,Normalize key spaces
CHK_IDX_03,Key Normalization Anomaly,MEDIUM,cities,venkatraopet b  o,pages/india/telangana/venkatraopet-b--o.html,N/A,scripts/build_search_index.py:64,Normalize key spaces
CHK_IDX_03,Key Normalization Anomaly,MEDIUM,cities,teppelaneni  gouraram,pages/india/telangana/teppelaneni--gouraram.html,N/A,scripts/build_search_index.py:64,Normalize key spaces
CHK_IDX_03,Key Normalization Anomaly,MEDIUM,cities,dasnapur colony  d.s.o,pages/india/telangana/dasnapur-colony--dso.html,N/A,scripts/build_search_index.py:64,Normalize key spaces
CHK_IDX_03,Key Normalization Anomaly,MEDIUM,cities,samath mothe  (gollagudem),pages/india/telangana/samath-mothe--gollagudem.html,N/A,scripts/build_search_index.py:64,Normalize key spaces
CHK_IDX_03,Key Normalization Anomaly,MEDIUM,cities,dhamera  keerat,pages/india/uttar-pradesh/dhamera--keerat.html,N/A,scripts/build_search_index.py:64,Normalize key spaces
CHK_IDX_03,Key Normalization Anomaly,MEDIUM,cities,kalyanpur  rani,pages/india/uttar-pradesh/kalyanpur--rani.html,N/A,scripts/build_search_index.py:64,Normalize key spaces
CHK_IDX_03,Key Normalization Anomaly,MEDIUM,cities,akhtiyarpur  sharifabad,pages/india/uttar-pradesh/akhtiyarpur--sharifabad.html,N/A,scripts/build_search_index.py:64,Normalize key spaces
CHK_IDX_03,Key Normalization Anomaly,MEDIUM,cities,bhunna  jattan,pages/india/uttar-pradesh/bhunna--jattan.html,N/A,scripts/build_search_index.py:64,Normalize key spaces
CHK_IDX_03,Key Normalization Anomaly,MEDIUM,cities,b n shukla  sons,pages/india/uttar-pradesh/b-n-shukla--sons.html,N/A,scripts/build_search_index.py:64,Normalize key spaces
CHK_IDX_03,Key Normalization Anomaly,MEDIUM,cities,gt road  khurja,pages/india/uttar-pradesh/gt-road--khurja.html,N/A,scripts/build_search_index.py:64,Normalize key spaces
CHK_IDX_03,Key Normalization Anomaly,MEDIUM,cities,khurja  jn  rs,pages/india/uttar-pradesh/khurja--jn--rs.html,N/A,scripts/build_search_index.py:64,Normalize key spaces
CHK_IDX_03,Key Normalization Anomaly,MEDIUM,cities,salempur  gujar,pages/india/uttar-pradesh/salempur--gujar.html,N/A,scripts/build_search_index.py:64,Normalize key spaces
CHK_IDX_03,Key Normalization Anomaly,MEDIUM,cities,poothery  kalan,pages/india/uttar-pradesh/poothery--kalan.html,N/A,scripts/build_search_index.py:64,Normalize key spaces
CHK_IDX_03,Key Normalization Anomaly,MEDIUM,cities,jugsana  kalan,pages/india/uttar-pradesh/jugsana--kalan.html,N/A,scripts/build_search_index.py:64,Normalize key spaces
CHK_IDX_03,Key Normalization Anomaly,MEDIUM,cities,bb  nagar,pages/india/uttar-pradesh/bb--nagar.html,N/A,scripts/build_search_index.py:64,Normalize key spaces
CHK_IDX_03,Key Normalization Anomaly,MEDIUM,cities,sarkari  ajij,pages/india/uttar-pradesh/sarkari--ajij.html,N/A,scripts/build_search_index.py:64,Normalize key spaces
CHK_IDX_03,Key Normalization Anomaly,MEDIUM,cities,panni  nagar,pages/india/uttar-pradesh/panni--nagar.html,N/A,scripts/build_search_index.py:64,Normalize key spaces
CHK_IDX_03,Key Normalization Anomaly,MEDIUM,cities,amkhera  sanjarpur,pages/india/uttar-pradesh/amkhera--sanjarpur.html,N/A,scripts/build_search_index.py:64,Normalize key spaces
CHK_IDX_03,Key Normalization Anomaly,MEDIUM,cities,maithna  jagatpur,pages/india/uttar-pradesh/maithna--jagatpur.html,N/A,scripts/build_search_index.py:64,Normalize key spaces
CHK_IDX_03,Key Normalization Anomaly,MEDIUM,cities,noorpur  hathaura,pages/india/uttar-pradesh/noorpur--hathaura.html,N/A,scripts/build_search_index.py:64,Normalize key spaces
CHK_IDX_03,Key Normalization Anomaly,MEDIUM,cities,naithala  hasanpur,pages/india/uttar-pradesh/naithala--hasanpur.html,N/A,scripts/build_search_index.py:64,Normalize key spaces
CHK_IDX_03,Key Normalization Anomaly,MEDIUM,cities,radhan  eup5857,pages/india/uttar-pradesh/radhan--eup5857.html,N/A,scripts/build_search_index.py:64,Normalize key spaces
CHK_IDX_03,Key Normalization Anomaly,MEDIUM,cities,tyore  buzurg,pages/india/uttar-pradesh/tyore--buzurg.html,N/A,scripts/build_search_index.py:64,Normalize key spaces
CHK_IDX_03,Key Normalization Anomaly,MEDIUM,cities,khad  mohan nagar,pages/india/uttar-pradesh/khad--mohan-nagar.html,N/A,scripts/build_search_index.py:64,Normalize key spaces
CHK_IDX_03,Key Normalization Anomaly,MEDIUM,cities,10th bn  p a c barabanki s.o.,pages/india/uttar-pradesh/10th-bn--p-a-c-barabanki-so.html,N/A,scripts/build_search_index.py:64,Normalize key spaces
CHK_IDX_03,Key Normalization Anomaly,MEDIUM,cities,r n  area,pages/india/uttar-pradesh/r-n--area.html,N/A,scripts/build_search_index.py:64,Normalize key spaces
CHK_IDX_03,Key Normalization Anomaly,MEDIUM,cities,bajhera  bujurg,pages/india/uttar-pradesh/bajhera--bujurg.html,N/A,scripts/build_search_index.py:64,Normalize key spaces
CHK_IDX_03,Key Normalization Anomaly,MEDIUM,cities,sugarardeva eup  9346,pages/india/uttar-pradesh/sugarardeva-eup--9346.html,N/A,scripts/build_search_index.py:64,Normalize key spaces
CHK_IDX_03,Key Normalization Anomaly,MEDIUM,cities,kaser  khurd,pages/india/uttar-pradesh/kaser--khurd.html,N/A,scripts/build_search_index.py:64,Normalize key spaces
CHK_IDX_03,Key Normalization Anomaly,MEDIUM,cities,roop  wash pachgain,pages/india/uttar-pradesh/roop--wash-pachgain.html,N/A,scripts/build_search_index.py:64,Normalize key spaces
CHK_IDX_03,Key Normalization Anomaly,MEDIUM,cities,naya  bans,pages/india/uttar-pradesh/naya--bans.html,N/A,scripts/build_search_index.py:64,Normalize key spaces
CHK_IDX_03,Key Normalization Anomaly,MEDIUM,cities,ndc  meerut,pages/india/uttar-pradesh/ndc--meerut.html,N/A,scripts/build_search_index.py:64,Normalize key spaces
CHK_IDX_03,Key Normalization Anomaly,MEDIUM,cities,agaura  hameerpur,pages/india/uttar-pradesh/agaura--hameerpur.html,N/A,scripts/build_search_index.py:64,Normalize key spaces
CHK_IDX_03,Key Normalization Anomaly,MEDIUM,cities,anchora  kamboh,pages/india/uttar-pradesh/anchora--kamboh.html,N/A,scripts/build_search_index.py:64,Normalize key spaces
CHK_IDX_03,Key Normalization Anomaly,MEDIUM,cities,baddha  bazidpur,pages/india/uttar-pradesh/baddha--bazidpur.html,N/A,scripts/build_search_index.py:64,Normalize key spaces
CHK_IDX_03,Key Normalization Anomaly,MEDIUM,cities,ksc mill  anupshahr,pages/india/uttar-pradesh/ksc-mill--anupshahr.html,N/A,scripts/build_search_index.py:64,Normalize key spaces
CHK_IDX_03,Key Normalization Anomaly,MEDIUM,cities,labour collony  firozabad,pages/india/uttar-pradesh/labour-collony--firozabad.html,N/A,scripts/build_search_index.py:64,Normalize key spaces
CHK_IDX_03,Key Normalization Anomaly,MEDIUM,cities,deputy  ganj  bulandshahr,pages/india/uttar-pradesh/deputy--ganj--bulandshahr.html,N/A,scripts/build_search_index.py:64,Normalize key spaces
CHK_IDX_03,Key Normalization Anomaly,MEDIUM,cities,c  m store,pages/india/uttar-pradesh/c--m-store.html,N/A,scripts/build_search_index.py:64,Normalize key spaces
CHK_IDX_03,Key Normalization Anomaly,MEDIUM,cities,munda  khera,pages/india/uttar-pradesh/munda--khera.html,N/A,scripts/build_search_index.py:64,Normalize key spaces
CHK_IDX_03,Key Normalization Anomaly,MEDIUM,cities,c  w workshop,pages/india/uttar-pradesh/c--w-workshop.html,N/A,scripts/build_search_index.py:64,Normalize key spaces
CHK_IDX_03,Key Normalization Anomaly,MEDIUM,cities,kayasthwara  sikandrabad,pages/india/uttar-pradesh/kayasthwara--sikandrabad.html,N/A,scripts/build_search_index.py:64,Normalize key spaces
CHK_IDX_03,Key Normalization Anomaly,MEDIUM,cities,bairmabad  garhi,pages/india/uttar-pradesh/bairmabad--garhi.html,N/A,scripts/build_search_index.py:64,Normalize key spaces
CHK_IDX_03,Key Normalization Anomaly,MEDIUM,cities,waira  firozpur,pages/india/uttar-pradesh/waira--firozpur.html,N/A,scripts/build_search_index.py:64,Normalize key spaces
CHK_IDX_03,Key Normalization Anomaly,MEDIUM,cities,basuli  farm,pages/india/uttar-pradesh/basuli--farm.html,N/A,scripts/build_search_index.py:64,Normalize key spaces
CHK_IDX_03,Key Normalization Anomaly,MEDIUM,cities,parsa  damya,pages/india/uttar-pradesh/parsa--damya.html,N/A,scripts/build_search_index.py:64,Normalize key spaces
CHK_IDX_03,Key Normalization Anomaly,MEDIUM,cities,deoria  urf shampur,pages/india/uttar-pradesh/deoria--urf-shampur.html,N/A,scripts/build_search_index.py:64,Normalize key spaces
CHK_IDX_03,Key Normalization Anomaly,MEDIUM,cities,khurja  chowk,pages/india/uttar-pradesh/khurja--chowk.html,N/A,scripts/build_search_index.py:64,Normalize key spaces
CHK_IDX_03,Key Normalization Anomaly,MEDIUM,cities,naudiha  ramgarh,pages/india/uttar-pradesh/naudiha--ramgarh.html,N/A,scripts/build_search_index.py:64,Normalize key spaces
CHK_IDX_03,Key Normalization Anomaly,MEDIUM,cities,senda  faridpur,pages/india/uttar-pradesh/senda--faridpur.html,N/A,scripts/build_search_index.py:64,Normalize key spaces
CHK_IDX_03,Key Normalization Anomaly,MEDIUM,cities,dav   college bulandshahr,pages/india/uttar-pradesh/dav---college-bulandshahr.html,N/A,scripts/build_search_index.py:64,Normalize key spaces
CHK_IDX_03,Key Normalization Anomaly,MEDIUM,cities,rahim  kot,pages/india/uttar-pradesh/rahim--kot.html,N/A,scripts/build_search_index.py:64,Normalize key spaces
CHK_IDX_03,Key Normalization Anomaly,MEDIUM,cities,gurukul  sikandrabad,pages/india/uttar-pradesh/gurukul--sikandrabad.html,N/A,scripts/build_search_index.py:64,Normalize key spaces
CHK_IDX_03,Key Normalization Anomaly,MEDIUM,cities,indoure  khera,pages/india/uttar-pradesh/indoure--khera.html,N/A,scripts/build_search_index.py:64,Normalize key spaces
CHK_IDX_03,Key Normalization Anomaly,MEDIUM,cities,doulatpur   kala,pages/india/uttar-pradesh/doulatpur---kala.html,N/A,scripts/build_search_index.py:64,Normalize key spaces
CHK_IDX_03,Key Normalization Anomaly,MEDIUM,cities,south civil  lines,pages/india/uttar-pradesh/south-civil--lines.html,N/A,scripts/build_search_index.py:64,Normalize key spaces
CHK_IDX_03,Key Normalization Anomaly,MEDIUM,cities,vijay  nagliya,pages/india/uttar-pradesh/vijay--nagliya.html,N/A,scripts/build_search_index.py:64,Normalize key spaces
CHK_IDX_03,Key Normalization Anomaly,MEDIUM,cities,loco  workshop lsg,pages/india/uttar-pradesh/loco--workshop-lsg.html,N/A,scripts/build_search_index.py:64,Normalize key spaces
CHK_IDX_03,Key Normalization Anomaly,MEDIUM,cities,rampur  manpur,pages/india/uttar-pradesh/rampur--manpur.html,N/A,scripts/build_search_index.py:64,Normalize key spaces
CHK_IDX_03,Key Normalization Anomaly,MEDIUM,cities,dashhera  kherli,pages/india/uttar-pradesh/dashhera--kherli.html,N/A,scripts/build_search_index.py:64,Normalize key spaces
CHK_IDX_03,Key Normalization Anomaly,MEDIUM,cities,ipdc  bulandshahr,pages/india/uttar-pradesh/ipdc--bulandshahr.html,N/A,scripts/build_search_index.py:64,Normalize key spaces
CHK_IDX_03,Key Normalization Anomaly,MEDIUM,cities,nadir ali  co,pages/india/uttar-pradesh/nadir-ali--co.html,N/A,scripts/build_search_index.py:64,Normalize key spaces
CHK_IDX_03,Key Normalization Anomaly,MEDIUM,cities,bargadwa  khabhri,pages/india/uttar-pradesh/bargadwa--khabhri.html,N/A,scripts/build_search_index.py:64,Normalize key spaces
CHK_IDX_03,Key Normalization Anomaly,MEDIUM,cities,shahpur  kala,pages/india/uttar-pradesh/shahpur--kala.html,N/A,scripts/build_search_index.py:64,Normalize key spaces
CHK_IDX_03,Key Normalization Anomaly,MEDIUM,cities,pipara  bazar,pages/india/uttar-pradesh/pipara--bazar.html,N/A,scripts/build_search_index.py:64,Normalize key spaces
CHK_IDX_03,Key Normalization Anomaly,MEDIUM,cities,nagliya  udaibhan,pages/india/uttar-pradesh/nagliya--udaibhan.html,N/A,scripts/build_search_index.py:64,Normalize key spaces
CHK_IDX_03,Key Normalization Anomaly,MEDIUM,cities,rasool pur  rithaury,pages/india/uttar-pradesh/rasool-pur--rithaury.html,N/A,scripts/build_search_index.py:64,Normalize key spaces
CHK_IDX_03,Key Normalization Anomaly,MEDIUM,cities,debai  bazar,pages/india/uttar-pradesh/debai--bazar.html,N/A,scripts/build_search_index.py:64,Normalize key spaces
CHK_IDX_03,Key Normalization Anomaly,MEDIUM,cities,bagrai  khurd,pages/india/uttar-pradesh/bagrai--khurd.html,N/A,scripts/build_search_index.py:64,Normalize key spaces
CHK_IDX_03,Key Normalization Anomaly,MEDIUM,cities,subhash  road  khurja,pages/india/uttar-pradesh/subhash--road--khurja.html,N/A,scripts/build_search_index.py:64,Normalize key spaces
CHK_IDX_03,Key Normalization Anomaly,MEDIUM,cities,shahi  eup6127,pages/india/uttar-pradesh/shahi--eup6127.html,N/A,scripts/build_search_index.py:64,Normalize key spaces
CHK_IDX_03,Key Normalization Anomaly,MEDIUM,cities,oef  firozabad,pages/india/uttar-pradesh/oef--firozabad.html,N/A,scripts/build_search_index.py:64,Normalize key spaces
CHK_IDX_03,Key Normalization Anomaly,MEDIUM,cities,sarai  chhabila,pages/india/uttar-pradesh/sarai--chhabila.html,N/A,scripts/build_search_index.py:64,Normalize key spaces
CHK_IDX_03,Key Normalization Anomaly,MEDIUM,cities,surajpur  makhena,pages/india/uttar-pradesh/surajpur--makhena.html,N/A,scripts/build_search_index.py:64,Normalize key spaces
CHK_IDX_03,Key Normalization Anomaly,MEDIUM,cities,ram  garhi,pages/india/uttar-pradesh/ram--garhi.html,N/A,scripts/build_search_index.py:64,Normalize key spaces
CHK_IDX_03,Key Normalization Anomaly,MEDIUM,cities,mainpuri gate  firozabad,pages/india/uttar-pradesh/mainpuri-gate--firozabad.html,N/A,scripts/build_search_index.py:64,Normalize key spaces
CHK_IDX_03,Key Normalization Anomaly,MEDIUM,cities,mauwa  khera,pages/india/uttar-pradesh/mauwa--khera.html,N/A,scripts/build_search_index.py:64,Normalize key spaces
CHK_IDX_03,Key Normalization Anomaly,MEDIUM,cities,sheoraj  pur,pages/india/uttar-pradesh/sheoraj--pur.html,N/A,scripts/build_search_index.py:64,Normalize key spaces
CHK_IDX_03,Key Normalization Anomaly,MEDIUM,cities,bhaipur  brahmanan,pages/india/uttar-pradesh/bhaipur--brahmanan.html,N/A,scripts/build_search_index.py:64,Normalize key spaces
CHK_IDX_03,Key Normalization Anomaly,MEDIUM,cities,santigarh  ujhani,pages/india/uttar-pradesh/santigarh--ujhani.html,N/A,scripts/build_search_index.py:64,Normalize key spaces
CHK_IDX_03,Key Normalization Anomaly,MEDIUM,cities,thana  gajraula,pages/india/uttar-pradesh/thana--gajraula.html,N/A,scripts/build_search_index.py:64,Normalize key spaces
CHK_IDX_03,Key Normalization Anomaly,MEDIUM,cities,bhu  h,pages/india/uttar-pradesh/bhu--h.html,N/A,scripts/build_search_index.py:64,Normalize key spaces
CHK_IDX_03,Key Normalization Anomaly,MEDIUM,cities,sekhupur  hatwant,pages/india/uttar-pradesh/sekhupur--hatwant.html,N/A,scripts/build_search_index.py:64,Normalize key spaces
CHK_IDX_03,Key Normalization Anomaly,MEDIUM,cities,manawwarpur  said,pages/india/uttar-pradesh/manawwarpur--said.html,N/A,scripts/build_search_index.py:64,Normalize key spaces
CHK_IDX_03,Key Normalization Anomaly,MEDIUM,cities,ahamedpur  chauroli,pages/india/uttar-pradesh/ahamedpur--chauroli.html,N/A,scripts/build_search_index.py:64,Normalize key spaces
CHK_IDX_03,Key Normalization Anomaly,MEDIUM,cities,bulandshahr  kutchery,pages/india/uttar-pradesh/bulandshahr--kutchery.html,N/A,scripts/build_search_index.py:64,Normalize key spaces
CHK_IDX_03,Key Normalization Anomaly,MEDIUM,cities,roshanmau  eup6054,pages/india/uttar-pradesh/roshanmau--eup6054.html,N/A,scripts/build_search_index.py:64,Normalize key spaces
CHK_IDX_03,Key Normalization Anomaly,MEDIUM,cities,distt board  etawah,pages/india/uttar-pradesh/distt-board--etawah.html,N/A,scripts/build_search_index.py:64,Normalize key spaces
CHK_IDX_03,Key Normalization Anomaly,MEDIUM,cities,mathana  japti,pages/india/uttar-pradesh/mathana--japti.html,N/A,scripts/build_search_index.py:64,Normalize key spaces
CHK_IDX_03,Key Normalization Anomaly,MEDIUM,cities,sonda  habibpur,pages/india/uttar-pradesh/sonda--habibpur.html,N/A,scripts/build_search_index.py:64,Normalize key spaces
CHK_IDX_03,Key Normalization Anomaly,MEDIUM,cities,dhanouri   kalan,pages/india/uttar-pradesh/dhanouri---kalan.html,N/A,scripts/build_search_index.py:64,Normalize key spaces
CHK_IDX_03,Key Normalization Anomaly,MEDIUM,cities,ashey  pur,pages/india/uttar-pradesh/ashey--pur.html,N/A,scripts/build_search_index.py:64,Normalize key spaces
CHK_IDX_03,Key Normalization Anomaly,MEDIUM,cities,kaser  kalan,pages/india/uttar-pradesh/kaser--kalan.html,N/A,scripts/build_search_index.py:64,Normalize key spaces
CHK_IDX_03,Key Normalization Anomaly,MEDIUM,cities,anandnagar s.o  maharajganj,pages/india/uttar-pradesh/anandnagar-so--maharajganj.html,N/A,scripts/build_search_index.py:64,Normalize key spaces
CHK_IDX_03,Key Normalization Anomaly,MEDIUM,cities,khabra  khanpur,pages/india/uttar-pradesh/khabra--khanpur.html,N/A,scripts/build_search_index.py:64,Normalize key spaces
CHK_IDX_03,Key Normalization Anomaly,MEDIUM,cities,dohari  ghat,pages/india/uttar-pradesh/dohari--ghat.html,N/A,scripts/build_search_index.py:64,Normalize key spaces
CHK_IDX_03,Key Normalization Anomaly,MEDIUM,cities,farkana  gangagarhi,pages/india/uttar-pradesh/farkana--gangagarhi.html,N/A,scripts/build_search_index.py:64,Normalize key spaces
CHK_IDX_03,Key Normalization Anomaly,MEDIUM,cities,salempur  jat,pages/india/uttar-pradesh/salempur--jat.html,N/A,scripts/build_search_index.py:64,Normalize key spaces
CHK_IDX_03,Key Normalization Anomaly,MEDIUM,cities,jkic  arwat,pages/india/uttar-pradesh/jkic--arwat.html,N/A,scripts/build_search_index.py:64,Normalize key spaces
CHK_IDX_03,Key Normalization Anomaly,MEDIUM,cities,ruchan  manikpur,pages/india/uttar-pradesh/ruchan--manikpur.html,N/A,scripts/build_search_index.py:64,Normalize key spaces
CHK_IDX_03,Key Normalization Anomaly,MEDIUM,cities,bakhrabad  urf khatai,pages/india/uttar-pradesh/bakhrabad--urf-khatai.html,N/A,scripts/build_search_index.py:64,Normalize key spaces
CHK_IDX_03,Key Normalization Anomaly,MEDIUM,cities,naya  gaon,pages/india/uttar-pradesh/naya--gaon.html,N/A,scripts/build_search_index.py:64,Normalize key spaces
CHK_IDX_03,Key Normalization Anomaly,MEDIUM,cities,bahera  b.o.,pages/india/uttar-pradesh/bahera--bo.html,N/A,scripts/build_search_index.py:64,Normalize key spaces
CHK_IDX_03,Key Normalization Anomaly,MEDIUM,cities,alladinpur  bhogi,pages/india/uttar-pradesh/alladinpur--bhogi.html,N/A,scripts/build_search_index.py:64,Normalize key spaces
CHK_IDX_03,Key Normalization Anomaly,MEDIUM,cities,chopra  kandarsyun,pages/india/uttarakhand/chopra--kandarsyun.html,N/A,scripts/build_search_index.py:64,Normalize key spaces
CHK_IDX_03,Key Normalization Anomaly,MEDIUM,cities,kachukhali  ramnagar bazar,pages/india/west-bengal/kachukhali--ramnagar-bazar.html,N/A,scripts/build_search_index.py:64,Normalize key spaces
CHK_IDX_03,Key Normalization Anomaly,MEDIUM,cities,bankura  dsb,pages/india/west-bengal/bankura--dsb.html,N/A,scripts/build_search_index.py:64,Normalize key spaces
CHK_IDX_03,Key Normalization Anomaly,MEDIUM,cities,kolkata airport  po,pages/india/west-bengal/kolkata-airport--po.html,N/A,scripts/build_search_index.py:64,Normalize key spaces
CHK_IDX_03,Key Normalization Anomaly,MEDIUM,cities,purba  khejurberia,pages/india/west-bengal/purba--khejurberia.html,N/A,scripts/build_search_index.py:64,Normalize key spaces
CHK_IDX_03,Key Normalization Anomaly,MEDIUM,cities,metal  steel factory,pages/india/west-bengal/metal--steel-factory.html,N/A,scripts/build_search_index.py:64,Normalize key spaces
CHK_IDX_03,Key Normalization Anomaly,MEDIUM,cities,al thanyah  fourth,pages/ae/03/al-thanyah--fourth.html,N/A,scripts/build_search_index.py:64,Normalize key spaces
CHK_IDX_03,Key Normalization Anomaly,MEDIUM,cities,gersdorf  an der feistritz,pages/at/Steiermark/gersdorf--an-der-feistritz.html,N/A,scripts/build_search_index.py:64,Normalize key spaces
CHK_IDX_03,Key Normalization Anomaly,MEDIUM,cities,xanoba   gomruk,pages/az/Xaçmaz/xanoba---gomruk.html,N/A,scripts/build_search_index.py:64,Normalize key spaces
CHK_IDX_03,Key Normalization Anomaly,MEDIUM,cities,zaouiet cheikh b  abdelkrim,pages/dz/Adrar/zaouiet-cheikh-b--abdelkrim.html,N/A,scripts/build_search_index.py:64,Normalize key spaces
CHK_IDX_03,Key Normalization Anomaly,MEDIUM,cities,centre touristique  de  sidi fredj,pages/dz/Alger/centre-touristique--de--sidi-fredj.html,N/A,scripts/build_search_index.py:64,Normalize key spaces
CHK_IDX_03,Key Normalization Anomaly,MEDIUM,cities,nouvelle cite  240  logements,pages/dz/Boumerdes/nouvelle-cite--240--logements.html,N/A,scripts/build_search_index.py:64,Normalize key spaces
CHK_IDX_03,Key Normalization Anomaly,MEDIUM,cities,boulachfar hocine  (ferme),pages/dz/Constantine/boulachfar-hocine--ferme.html,N/A,scripts/build_search_index.py:64,Normalize key spaces
CHK_IDX_03,Key Normalization Anomaly,MEDIUM,cities,mentouri (cite  univers itaire),pages/dz/Constantine/mentouri-cite--univers-itaire.html,N/A,scripts/build_search_index.py:64,Normalize key spaces
CHK_IDX_03,Key Normalization Anomaly,MEDIUM,cities,el bayadh hasnaoui  said,pages/dz/El-Bayadh/el-bayadh-hasnaoui--said.html,N/A,scripts/build_search_index.py:64,Normalize key spaces
CHK_IDX_03,Key Normalization Anomaly,MEDIUM,cities,ramla  ouled el ghellis,pages/dz/Tlemcen/ramla--ouled-el-ghellis.html,N/A,scripts/build_search_index.py:64,Normalize key spaces
CHK_IDX_03,Key Normalization Anomaly,MEDIUM,cities,carondelet-calderon-tululbi  (cab en ricaurte)-santa rita,pages/ec/Esmeraldas/carondelet-calderon-tululbi--cab-en-ricaurte-santa-rita.html,N/A,scripts/build_search_index.py:64,Normalize key spaces
CHK_IDX_03,Key Normalization Anomaly,MEDIUM,cities,chuga-pimampiro-mariano acosta-san  fco. de sigsipamba,pages/ec/Imbabura/chuga-pimampiro-mariano-acosta-san--fco-de-sigsipamba.html,N/A,scripts/build_search_index.py:64,Normalize key spaces
CHK_IDX_03,Key Normalization Anomaly,MEDIUM,cities,el triunfo-patate-los andes (cab en poatug)-sucre (cab en sucre- patate  urco),pages/ec/Tungurahua/el-triunfo-patate-los-andes-cab-en-poatug-sucre-cab-en-sucre--patate--urco.html,N/A,scripts/build_search_index.py:64,Normalize key spaces
CHK_IDX_03,Key Normalization Anomaly,MEDIUM,cities,tarroeira (santa maria de castenda da  torre-tordoia),pages/es/Galicia/tarroeira-santa-maria-de-castenda-da--torre-tordoia.html,N/A,scripts/build_search_index.py:64,Normalize key spaces
CHK_IDX_03,Key Normalization Anomaly,MEDIUM,cities,ujung pandang  /  padang,pages/id/11/ujung-pandang----padang.html,N/A,scripts/build_search_index.py:64,Normalize key spaces
CHK_IDX_03,Key Normalization Anomaly,MEDIUM,cities,alue meuraksa  /  meurasa,pages/id/11/alue-meuraksa----meurasa.html,N/A,scripts/build_search_index.py:64,Normalize key spaces
CHK_IDX_03,Key Normalization Anomaly,MEDIUM,cities,meunasah blang  / blt,pages/id/11/meunasah-blang---blt.html,N/A,scripts/build_search_index.py:64,Normalize key spaces
CHK_IDX_03,Key Normalization Anomaly,MEDIUM,cities,blang seureukuy  /  blang serikuy,pages/id/11/blang-seureukuy----blang-serikuy.html,N/A,scripts/build_search_index.py:64,Normalize key spaces
CHK_IDX_03,Key Normalization Anomaly,MEDIUM,cities,weu  /  weue gajah,pages/id/11/weu----weue-gajah.html,N/A,scripts/build_search_index.py:64,Normalize key spaces
CHK_IDX_03,Key Normalization Anomaly,MEDIUM,cities,lampula  /  lampulo,pages/id/11/lampula----lampulo.html,N/A,scripts/build_search_index.py:64,Normalize key spaces
CHK_IDX_03,Key Normalization Anomaly,MEDIUM,cities,kedai  /  keude siblah,pages/id/11/kedai----keude-siblah.html,N/A,scripts/build_search_index.py:64,Normalize key spaces
CHK_IDX_03,Key Normalization Anomaly,MEDIUM,cities,meunasah teungoh  /  tengah,pages/id/11/meunasah-teungoh----tengah.html,N/A,scripts/build_search_index.py:64,Normalize key spaces
CHK_IDX_03,Key Normalization Anomaly,MEDIUM,cities,kepie  /  kepies,pages/id/11/kepie----kepies.html,N/A,scripts/build_search_index.py:64,Normalize key spaces
CHK_IDX_03,Key Normalization Anomaly,MEDIUM,cities,paya awe  /  awee,pages/id/11/paya-awe----awee.html,N/A,scripts/build_search_index.py:64,Normalize key spaces
CHK_IDX_03,Key Normalization Anomaly,MEDIUM,cities,kedai  /  keude paya,pages/id/11/kedai----keude-paya.html,N/A,scripts/build_search_index.py:64,Normalize key spaces
CHK_IDX_03,Key Normalization Anomaly,MEDIUM,cities,padang bak jeumpa  /  jumpa,pages/id/11/padang-bak-jeumpa----jumpa.html,N/A,scripts/build_search_index.py:64,Normalize key spaces
CHK_IDX_03,Key Normalization Anomaly,MEDIUM,cities,tanoh anou  /  anoe,pages/id/11/tanoh-anou----anoe.html,N/A,scripts/build_search_index.py:64,Normalize key spaces
CHK_IDX_03,Key Normalization Anomaly,MEDIUM,cities,hilinawalo mazino  /  mazingo,pages/id/12/hilinawalo-mazino----mazingo.html,N/A,scripts/build_search_index.py:64,Normalize key spaces
CHK_IDX_03,Key Normalization Anomaly,MEDIUM,cities,hurase  /  hurare,pages/id/12/hurase----hurare.html,N/A,scripts/build_search_index.py:64,Normalize key spaces
CHK_IDX_03,Key Normalization Anomaly,MEDIUM,cities,huta holbung  /  holdung,pages/id/12/huta-holbung----holdung.html,N/A,scripts/build_search_index.py:64,Normalize key spaces
CHK_IDX_03,Key Normalization Anomaly,MEDIUM,cities,dolok gadang  /  godang,pages/id/12/dolok-gadang----godang.html,N/A,scripts/build_search_index.py:64,Normalize key spaces
CHK_IDX_03,Key Normalization Anomaly,MEDIUM,cities,aek siansimun  /  siamsimun,pages/id/12/aek-siansimun----siamsimun.html,N/A,scripts/build_search_index.py:64,Normalize key spaces
CHK_IDX_03,Key Normalization Anomaly,MEDIUM,cities,simandraolo  /  simandaolo,pages/id/12/simandraolo----simandaolo.html,N/A,scripts/build_search_index.py:64,Normalize key spaces
CHK_IDX_03,Key Normalization Anomaly,MEDIUM,cities,sibuntoan parpea  /  parpean,pages/id/12/sibuntoan-parpea----parpean.html,N/A,scripts/build_search_index.py:64,Normalize key spaces
CHK_IDX_03,Key Normalization Anomaly,MEDIUM,cities,labuan hiu  /  hiyu,pages/id/12/labuan-hiu----hiyu.html,N/A,scripts/build_search_index.py:64,Normalize key spaces
CHK_IDX_03,Key Normalization Anomaly,MEDIUM,cities,bawosaloo siwalawa  /  sowalawa,pages/id/12/bawosaloo-siwalawa----sowalawa.html,N/A,scripts/build_search_index.py:64,Normalize key spaces
CHK_IDX_03,Key Normalization Anomaly,MEDIUM,cities,simatohir  /  simatoir,pages/id/12/simatohir----simatoir.html,N/A,scripts/build_search_index.py:64,Normalize key spaces
CHK_IDX_03,Key Normalization Anomaly,MEDIUM,cities,parbangunan  /  perbangunan,pages/id/12/parbangunan----perbangunan.html,N/A,scripts/build_search_index.py:64,Normalize key spaces
CHK_IDX_03,Key Normalization Anomaly,MEDIUM,cities,bukit raya sedang  /  sordang,pages/id/12/bukit-raya-sedang----sordang.html,N/A,scripts/build_search_index.py:64,Normalize key spaces
CHK_IDX_03,Key Normalization Anomaly,MEDIUM,cities,loloanaa  /  lolomoyo,pages/id/12/loloanaa----lolomoyo.html,N/A,scripts/build_search_index.py:64,Normalize key spaces
CHK_IDX_03,Key Normalization Anomaly,MEDIUM,cities,hiliamozula  /  hiliamauzula,pages/id/12/hiliamozula----hiliamauzula.html,N/A,scripts/build_search_index.py:64,Normalize key spaces
CHK_IDX_03,Key Normalization Anomaly,MEDIUM,cities,pasir sunur  /  pasa sunua (pasia sunua),pages/id/13/pasir-sunur----pasa-sunua-pasia-sunua.html,N/A,scripts/build_search_index.py:64,Normalize key spaces
CHK_IDX_03,Key Normalization Anomaly,MEDIUM,cities,jati mudik  /  mudiak,pages/id/13/jati-mudik----mudiak.html,N/A,scripts/build_search_index.py:64,Normalize key spaces
CHK_IDX_03,Key Normalization Anomaly,MEDIUM,cities,kaluat  /  kaluaik (kaluaiak),pages/id/13/kaluat----kaluaik-kaluaiak.html,N/A,scripts/build_search_index.py:64,Normalize key spaces
CHK_IDX_03,Key Normalization Anomaly,MEDIUM,cities,batang kabung  /  kabuang,pages/id/13/batang-kabung----kabuang.html,N/A,scripts/build_search_index.py:64,Normalize key spaces
CHK_IDX_03,Key Normalization Anomaly,MEDIUM,cities,bukit nanas  /  nenas,pages/id/14/bukit-nanas----nenas.html,N/A,scripts/build_search_index.py:64,Normalize key spaces
CHK_IDX_03,Key Normalization Anomaly,MEDIUM,cities,koto dua  /  duo,pages/id/15/koto-dua----duo.html,N/A,scripts/build_search_index.py:64,Normalize key spaces
CHK_IDX_03,Key Normalization Anomaly,MEDIUM,cities,rantau ngarau  /  ngaro,pages/id/15/rantau-ngarau----ngaro.html,N/A,scripts/build_search_index.py:64,Normalize key spaces
CHK_IDX_03,Key Normalization Anomaly,MEDIUM,cities,taja  /  talang jaya mulya,pages/id/16/taja----talang-jaya-mulya.html,N/A,scripts/build_search_index.py:64,Normalize key spaces
CHK_IDX_03,Key Normalization Anomaly,MEDIUM,cities,taja  /  talang jaya raya ii,pages/id/16/taja----talang-jaya-raya-ii.html,N/A,scripts/build_search_index.py:64,Normalize key spaces
CHK_IDX_03,Key Normalization Anomaly,MEDIUM,cities,sri  /  seri kembang,pages/id/16/sri----seri-kembang.html,N/A,scripts/build_search_index.py:64,Normalize key spaces
CHK_IDX_03,Key Normalization Anomaly,MEDIUM,cities,taja  /  talang jaya indah,pages/id/16/taja----talang-jaya-indah.html,N/A,scripts/build_search_index.py:64,Normalize key spaces
CHK_IDX_03,Key Normalization Anomaly,MEDIUM,cities,kuripan ii  /  dua,pages/id/16/kuripan-ii----dua.html,N/A,scripts/build_search_index.py:64,Normalize key spaces
CHK_IDX_03,Key Normalization Anomaly,MEDIUM,cities,beruga  /  beruge,pages/id/16/beruga----beruge.html,N/A,scripts/build_search_index.py:64,Normalize key spaces
CHK_IDX_03,Key Normalization Anomaly,MEDIUM,cities,taja  /  talang jaya raya 1,pages/id/16/taja----talang-jaya-raya-1.html,N/A,scripts/build_search_index.py:64,Normalize key spaces
CHK_IDX_03,Key Normalization Anomaly,MEDIUM,cities,gunung selam  /  selan,pages/id/17/gunung-selam----selan.html,N/A,scripts/build_search_index.py:64,Normalize key spaces
CHK_IDX_03,Key Normalization Anomaly,MEDIUM,cities,senabah  /  senaban,pages/id/17/senabah----senaban.html,N/A,scripts/build_search_index.py:64,Normalize key spaces
CHK_IDX_03,Key Normalization Anomaly,MEDIUM,cities,daneo  /  daneu  /  danau,pages/id/17/daneo----daneu----danau.html,N/A,scripts/build_search_index.py:64,Normalize key spaces
CHK_IDX_03,Key Normalization Anomaly,MEDIUM,cities,taba renah  /  rena,pages/id/17/taba-renah----rena.html,N/A,scripts/build_search_index.py:64,Normalize key spaces
CHK_IDX_03,Key Normalization Anomaly,MEDIUM,cities,talang ambung  /  lambung,pages/id/17/talang-ambung----lambung.html,N/A,scripts/build_search_index.py:64,Normalize key spaces
CHK_IDX_03,Key Normalization Anomaly,MEDIUM,cities,talang buseng  /  boseng,pages/id/17/talang-buseng----boseng.html,N/A,scripts/build_search_index.py:64,Normalize key spaces
CHK_IDX_03,Key Normalization Anomaly,MEDIUM,cities,rajab besi  /  rajak besi,pages/id/17/rajab-besi----rajak-besi.html,N/A,scripts/build_search_index.py:64,Normalize key spaces
CHK_IDX_03,Key Normalization Anomaly,MEDIUM,cities,tanjung kepayang  /  kepahyang,pages/id/17/tanjung-kepayang----kepahyang.html,N/A,scripts/build_search_index.py:64,Normalize key spaces
CHK_IDX_03,Key Normalization Anomaly,MEDIUM,cities,lemeu  /  limau,pages/id/17/lemeu----limau.html,N/A,scripts/build_search_index.py:64,Normalize key spaces
CHK_IDX_03,Key Normalization Anomaly,MEDIUM,cities,datar penokot  /  penokat,pages/id/17/datar-penokot----penokat.html,N/A,scripts/build_search_index.py:64,Normalize key spaces
CHK_IDX_03,Key Normalization Anomaly,MEDIUM,cities,sekayun hilir  /  ilir,pages/id/17/sekayun-hilir----ilir.html,N/A,scripts/build_search_index.py:64,Normalize key spaces
CHK_IDX_03,Key Normalization Anomaly,MEDIUM,cities,batu bariang  /  beriang,pages/id/17/batu-bariang----beriang.html,N/A,scripts/build_search_index.py:64,Normalize key spaces
CHK_IDX_03,Key Normalization Anomaly,MEDIUM,cities,serai  /  seray,pages/id/18/serai----seray.html,N/A,scripts/build_search_index.py:64,Normalize key spaces
CHK_IDX_03,Key Normalization Anomaly,MEDIUM,cities,adi mulya  /  mulyo,pages/id/18/adi-mulya----mulyo.html,N/A,scripts/build_search_index.py:64,Normalize key spaces
CHK_IDX_03,Key Normalization Anomaly,MEDIUM,cities,fajar mulya  /  mulia,pages/id/18/fajar-mulya----mulia.html,N/A,scripts/build_search_index.py:64,Normalize key spaces
CHK_IDX_03,Key Normalization Anomaly,MEDIUM,cities,sebadai ulu  /  hulu,pages/id/21/sebadai-ulu----hulu.html,N/A,scripts/build_search_index.py:64,Normalize key spaces
CHK_IDX_03,Key Normalization Anomaly,MEDIUM,cities,koja (utara  selatan),pages/id/31/koja-utara--selatan.html,N/A,scripts/build_search_index.py:64,Normalize key spaces
CHK_IDX_03,Key Normalization Anomaly,MEDIUM,cities,banjar sugian  /  sugihan,pages/id/35/banjar-sugian----sugihan.html,N/A,scripts/build_search_index.py:64,Normalize key spaces
CHK_IDX_03,Key Normalization Anomaly,MEDIUM,cities,manukan wetan (bibis  buntaran),pages/id/35/manukan-wetan-bibis--buntaran.html,N/A,scripts/build_search_index.py:64,Normalize key spaces
CHK_IDX_03,Key Normalization Anomaly,MEDIUM,cities,kalodoran  /  kalodran,pages/id/36/kalodoran----kalodran.html,N/A,scripts/build_search_index.py:64,Normalize key spaces
CHK_IDX_03,Key Normalization Anomaly,MEDIUM,cities,kalike  /  kelike aimatan,pages/id/53/kalike----kelike-aimatan.html,N/A,scripts/build_search_index.py:64,Normalize key spaces
CHK_IDX_03,Key Normalization Anomaly,MEDIUM,cities,kalike  /  kelike,pages/id/53/kalike----kelike.html,N/A,scripts/build_search_index.py:64,Normalize key spaces
CHK_IDX_03,Key Normalization Anomaly,MEDIUM,cities,kelitei  /  kelitey,pages/id/53/kelitei----kelitey.html,N/A,scripts/build_search_index.py:64,Normalize key spaces
CHK_IDX_03,Key Normalization Anomaly,MEDIUM,cities,lekogoko  /  lekogoku,pages/id/53/lekogoko----lekogoku.html,N/A,scripts/build_search_index.py:64,Normalize key spaces
CHK_IDX_03,Key Normalization Anomaly,MEDIUM,cities,tumbang ramei  /  ramai,pages/id/62/tumbang-ramei----ramai.html,N/A,scripts/build_search_index.py:64,Normalize key spaces
CHK_IDX_03,Key Normalization Anomaly,MEDIUM,cities,benangin ii  /  2,pages/id/62/benangin-ii----2.html,N/A,scripts/build_search_index.py:64,Normalize key spaces
CHK_IDX_03,Key Normalization Anomaly,MEDIUM,cities,netapin  /  netampin,pages/id/62/netapin----netampin.html,N/A,scripts/build_search_index.py:64,Normalize key spaces
CHK_IDX_03,Key Normalization Anomaly,MEDIUM,cities,benangin v  /  5,pages/id/62/benangin-v----5.html,N/A,scripts/build_search_index.py:64,Normalize key spaces
CHK_IDX_03,Key Normalization Anomaly,MEDIUM,cities,tumbang tue  /  tuwe,pages/id/62/tumbang-tue----tuwe.html,N/A,scripts/build_search_index.py:64,Normalize key spaces
CHK_IDX_03,Key Normalization Anomaly,MEDIUM,cities,benangin iii  /  3,pages/id/62/benangin-iii----3.html,N/A,scripts/build_search_index.py:64,Normalize key spaces
CHK_IDX_03,Key Normalization Anomaly,MEDIUM,cities,benangin i  /  i,pages/id/62/benangin-i----i.html,N/A,scripts/build_search_index.py:64,Normalize key spaces
CHK_IDX_03,Key Normalization Anomaly,MEDIUM,cities,putat atas  / tatau,pages/id/63/putat-atas---tatau.html,N/A,scripts/build_search_index.py:64,Normalize key spaces
CHK_IDX_03,Key Normalization Anomaly,MEDIUM,cities,terangkih  /  terangkeh,pages/id/63/terangkih----terangkeh.html,N/A,scripts/build_search_index.py:64,Normalize key spaces
CHK_IDX_03,Key Normalization Anomaly,MEDIUM,cities,teluk tamiang  /  tamiyang,pages/id/63/teluk-tamiang----tamiyang.html,N/A,scripts/build_search_index.py:64,Normalize key spaces
CHK_IDX_03,Key Normalization Anomaly,MEDIUM,cities,sumanggi semerang  /  seberang,pages/id/63/sumanggi-semerang----seberang.html,N/A,scripts/build_search_index.py:64,Normalize key spaces
CHK_IDX_03,Key Normalization Anomaly,MEDIUM,cities,teluk singkam  /  singkama,pages/id/64/teluk-singkam----singkama.html,N/A,scripts/build_search_index.py:64,Normalize key spaces
CHK_IDX_03,Key Normalization Anomaly,MEDIUM,cities,rembayan  /  rambayan,pages/id/64/rembayan----rambayan.html,N/A,scripts/build_search_index.py:64,Normalize key spaces
CHK_IDX_03,Key Normalization Anomaly,MEDIUM,cities,long kelupan  /  klupan,pages/id/65/long-kelupan----klupan.html,N/A,scripts/build_search_index.py:64,Normalize key spaces
CHK_IDX_03,Key Normalization Anomaly,MEDIUM,cities,tumubui  /  tomobui (tumobuy),pages/id/71/tumubui----tomobui-tumobuy.html,N/A,scripts/build_search_index.py:64,Normalize key spaces
CHK_IDX_03,Key Normalization Anomaly,MEDIUM,cities,ibolian satu  /  i,pages/id/71/ibolian-satu----i.html,N/A,scripts/build_search_index.py:64,Normalize key spaces
CHK_IDX_03,Key Normalization Anomaly,MEDIUM,cities,uuwan  /  uuan,pages/id/71/uuwan----uuan.html,N/A,scripts/build_search_index.py:64,Normalize key spaces
CHK_IDX_03,Key Normalization Anomaly,MEDIUM,cities,tongkeina  /  tongkaina,pages/id/71/tongkeina----tongkaina.html,N/A,scripts/build_search_index.py:64,Normalize key spaces
CHK_IDX_03,Key Normalization Anomaly,MEDIUM,cities,tapadaka satu  /  i,pages/id/71/tapadaka-satu----i.html,N/A,scripts/build_search_index.py:64,Normalize key spaces
CHK_IDX_04,Broken Index Target Links Sample,HIGH,index,.html,pages/jp/Hokkaido/.html,N/A,scripts/build_search_index.py,Fix or remove broken link from search index
